Symbol,Name,Last,Change,%Chg,"Options Vol.","% Call Options","% Put Options",Time
AMD,"Adv Micro Devices",30.15,0.26,+0.87%,651963,70.6%,29.4%,"11:36 ET"
AAPL,"Apple Inc",221.4,3.07,+1.41%,605111,54.4%,45.6%,"11:36 ET"
BABA,"Alibaba Group Holding Ltd",157.75,1.39,+0.89%,391647,63.3%,36.7%,"11:36 ET"
TSLA,"Tesla Inc",273.87,-11.63,-4.07%,277356,55.1%,44.9%,"11:36 ET"
CHK,"Chesapeake Energy Corp",4.02,-0.06,-1.47%,188634,92.9%,7.1%,"11:36 ET"
BAC,"Bank of America Corp",30.8,-0.02,-0.06%,176524,71.0%,29.0%,"11:36 ET"
SNAP,"Snap Inc",9.93,0.19,+1.95%,108385,60.4%,39.6%,"11:36 ET"
AMZN,"Amazon.Com Inc",1965.69,26.68,+1.38%,95170,61.6%,38.4%,"11:36 ET"
TWTR,"Twitter Inc",31.25,0.71,+2.32%,85687,60.0%,40.0%,"11:36 ET"
INTC,"Intel Corp",45.65,-0.65,-1.40%,85038,65.1%,34.9%,"11:36 ET"
T,"AT&T Inc",32.63,0.24,+0.74%,59543,72.1%,27.9%,"11:36 ET"
MU,"Micron Technology",43.03,-1.87,-4.16%,59414,65.1%,34.9%,"11:36 ET"
AR,"Antero Resources Corp",17.63,0.12,+0.69%,58348,99.8%,0.2%,"11:36 ET"
ORCL,"Oracle Corp",48.76,-0.1,-0.20%,54649,37.3%,62.7%,"11:36 ET"
NKE,"Nike Inc",82.88,0.78,+0.95%,50122,68.6%,31.4%,"11:36 ET"
SQ,Square,92.05,2.66,+2.98%,46254,61.2%,38.8%,"11:36 ET"
MRVL,"Marvell Tech Group",18.78,-0.25,-1.31%,45777,87.8%,12.2%,"11:36 ET"
TEVA,"Teva Pharmaceutical Industries Ltd",21.7,0.64,+3.04%,45128,43.5%,56.5%,"11:36 ET"
WMT,"Wal-Mart Stores",97.08,0.17999999999999,+0.19%,44896,80.0%,20.0%,"11:36 ET"
CBS,"CBS Corp",55.16,-0.040000000000006,-0.07%,44599,68.3%,31.7%,"11:36 ET"
AVGO,"Broadcom Ltd",232.58,-8.03,-3.34%,42363,70.7%,29.3%,"11:36 ET"
X,"United States Steel Corp",28.43,-0.49,-1.69%,36780,52.5%,47.5%,"11:35 ET"
FCX,"Freeport-Mcmoran Inc",12.93,-0.27,-2.05%,35863,57.6%,42.4%,"11:36 ET"
CRON,"Cronos Group Inc",12.02,-0.08,-0.66%,34465,61.7%,38.3%,"11:36 ET"
SLB,"Schlumberger N.V.",60.24,0.26000000000001,+0.43%,32711,51.3%,48.7%,"11:36 ET"
LOW,"Lowe's Companies",113.71,1.32,+1.17%,32016,65.0%,35.0%,"11:36 ET"
XOM,"Exxon Mobil Corp",82.69,0.98,+1.20%,29695,64.9%,35.1%,"11:36 ET"
AAL,"American Airlines Gp",39.86,0.43,+1.09%,29296,72.0%,28.0%,"11:36 ET"
BA,"Boeing Company",344.34,2.48,+0.73%,28538,51.9%,48.1%,"11:35 ET"
WYNN,"Wynn Resorts Ltd",131.37,-2.83,-2.11%,28356,70.6%,29.4%,"11:35 ET"
CSCO,"Cisco Systems Inc",46.84,-0.23,-0.49%,28251,55.0%,45.0%,"11:36 ET"
V,"Visa Inc",144.63,0.54999999999998,+0.38%,28137,53.1%,46.9%,"11:36 ET"
GOOGL,"Alphabet Class A",1182.56,7.5,+0.64%,27556,60.7%,39.3%,"11:36 ET"
TGT,"Target Corp",89.23,-0.030000000000001,-0.03%,27277,78.7%,21.3%,"11:35 ET"
FOXA,"21st Centry Fox Class A",44.78,-0.15,-0.33%,27119,20.7%,79.3%,"11:36 ET"
EA,"Electronic Arts Inc",111.92,-1.29,-1.14%,26479,60.6%,39.4%,"11:36 ET"
CZR,"Caesars Entertainment Corp",9.88,0.030000000000001,+0.30%,26301,97.1%,2.9%,"11:35 ET"
BIDU,"Baidu Inc",214.85,1.26,+0.59%,25201,43.4%,56.6%,"11:36 ET"
VFC,"V.F. Corp",90.08,-0.090000000000003,-0.10%,24931,83.3%,16.7%,"11:34 ET"
DIS,"Walt Disney Company",109.75,-0.93000000000001,-0.84%,24795,60.2%,39.8%,"11:36 ET"
CVX,"Chevron Corp",115.08,0.59999999999999,+0.52%,24636,66.9%,33.1%,"11:36 ET"
CELG,"Celgene Corp",87.46,-1.69,-1.90%,24443,49.5%,50.5%,"11:36 ET"
CLF,"Cleveland-Cliffs Inc",10.58,-0.27,-2.49%,23981,65.9%,34.1%,"11:36 ET"
UPS,"United Parcel Service",123.55,-0.79000000000001,-0.64%,23910,66.9%,33.1%,"11:36 ET"
GILD,"Gilead Sciences Inc",72.38,-0.13000000000001,-0.18%,23831,57.0%,43.0%,"11:36 ET"
UNH,"Unitedhealth Group Inc",260.68,0.94999999999999,+0.37%,22492,75.4%,24.6%,"11:36 ET"
ADBE,"Adobe Systems Inc",266.55,1.18,+0.44%,22184,50.5%,49.5%,"11:36 ET"
FB,"Facebook Inc",166.5,2.32,+1.41%,21202,63.1%,36.9%,"11:36 ET"
SBUX,"Starbucks Corp",55.21,0.24,+0.44%,20069,57.7%,42.3%,"11:36 ET"
MRK,"Merck & Company",69.33,-0.23,-0.33%,19676,67.8%,32.2%,"11:35 ET"
LEN,"Lennar Corp",51.37,0.68,+1.34%,19451,92.0%,8.0%,"11:36 ET"
CRM,"Salesforce.Com Inc",152.22,0.90000000000001,+0.59%,19258,61.6%,38.4%,"11:36 ET"
CMCSA,"Comcast Corp A",36.34,-0.019999999999996,-0.06%,19096,57.3%,42.7%,"11:36 ET"
WDC,"Western Digital Cp",54.54,-2.51,-4.40%,19018,64.9%,35.1%,"11:36 ET"
ABX,"Barrick Gold Corp",9.76,-0.07,-0.72%,18959,73.3%,26.7%,"11:36 ET"
GOOG,"Alphabet Class C",1171.93,7.29,+0.63%,18594,60.1%,39.9%,"11:36 ET"
VZ,"Verizon Communications Inc",54.7,0.58000000000001,+1.07%,18550,49.9%,50.1%,"11:36 ET"
MCD,"McDonald's Corp",165.73,0.66,+0.40%,18539,65.8%,34.2%,"11:36 ET"
WFC,"Wells Fargo & Company",57.4,-0.060000000000002,-0.10%,17606,47.4%,52.6%,"11:36 ET"
NFLX,"Netflix Inc",353.77,5.36,+1.54%,16788,68.9%,31.1%,"11:36 ET"
AKRX,"Akorn Inc",13.77,-0.24,-1.71%,16720,61.9%,38.1%,"11:36 ET"
DBX,"Dropbox Inc",27.19,0.31,+1.15%,16519,78.5%,21.5%,"11:36 ET"
VALE,"Vale S.A.",12.58,-0.39,-3.01%,16428,65.2%,34.8%,"11:36 ET"
KSS,"Kohl's Corp",80.93,-0.079999999999998,-0.10%,16109,84.5%,15.5%,"11:36 ET"
CAT,"Caterpillar Inc",141.59,-0.46000000000001,-0.32%,16065,51.9%,48.1%,"11:36 ET"
WMB,"Williams Companies",28.62,0.1,+0.35%,16016,43.2%,56.8%,"11:36 ET"
AIMC,"Altra Indtl Mtn",38.6,-0.35,-0.90%,15923,50.0%,50.0%,"11:33 ET"
CVS,"CVS Corp",75.68,0.040000000000006,+0.05%,15536,55.2%,44.8%,"11:36 ET"
CMG,"Chipotle Mexican Grill",488.33,-0.79000000000002,-0.16%,15134,57.6%,42.4%,"11:34 ET"
ALL,"Allstate Corp",98.07,0.22,+0.22%,15013,11.5%,88.5%,"11:36 ET"
CTL,Centurylink,22.69,0.88,+4.03%,14726,27.3%,72.7%,"11:36 ET"
ABBV,"Abbvie Inc",93.51,-0.30999999999999,-0.33%,14682,34.1%,65.9%,"11:36 ET"
DAL,"Delta Air Lines Inc",58.07,0.51,+0.89%,14560,47.0%,53.0%,"11:35 ET"
TRV,"The Travelers Companies Inc",127.91,0.31,+0.24%,14491,10.3%,89.7%,"11:36 ET"
ATVI,"Activision Blizzard",78.2,3.94,+5.31%,14482,85.3%,14.7%,"11:36 ET"
UAL,"United Continental Holdings",88.27,0.17999999999999,+0.20%,14248,34.2%,65.8%,"11:36 ET"
VIAB,"Viacom Inc Cl B",29.03,-0.039999999999999,-0.14%,13981,90.1%,9.9%,"11:36 ET"
MTZ,"Mastec Inc",44,1.2,+2.80%,13919,34.1%,65.9%,"11:36 ET"
NBR,"Nabors Industries",6,0.21,+3.63%,13705,57.0%,43.0%,"11:36 ET"
MET,"Metlife Inc",45.19,-0.40000000000001,-0.88%,13674,92.1%,7.9%,"11:36 ET"
CCK,"Crown Cork & Seal Company",43.83,-0.38,-0.86%,13275,99.1%,0.9%,"11:34 ET"
VIPS,"Vipshop Holdings Ltd",5.93,0.069999999999999,+1.19%,13107,27.3%,72.7%,"11:35 ET"
GE,"General Electric Company",12.37,-0.14,-1.12%,12768,69.2%,30.8%,"11:36 ET"
BOX,"Box Inc",25.23,0.56,+2.27%,12742,58.0%,42.0%,"11:36 ET"
KMI,"Kinder Morgan",17.9,0.21,+1.19%,12542,68.1%,31.9%,"11:36 ET"
DNR,"Denbury Resources",5.36,0.16,+3.08%,12468,81.7%,18.3%,"11:36 ET"
COP,Conocophillips,71.64,0.48999999999999,+0.69%,12190,58.9%,41.1%,"11:36 ET"
LVS,"Las Vegas Sands",60.21,-0.99,-1.62%,12073,48.5%,51.5%,"11:35 ET"
BP,"BP Plc",42.57,0.48,+1.14%,11991,64.1%,35.9%,"11:36 ET"
SN,"Sanchez Energy Corp",2.47,0.02,+0.82%,11961,73.6%,26.4%,"11:23 ET"
TWLO,Twilio,85.83,1.52,+1.80%,11832,74.4%,25.6%,"11:35 ET"
MGM,"MGM Resorts International",26.74,-0.21,-0.78%,11630,60.9%,39.1%,"11:36 ET"
BMY,"Bristol-Myers Squibb Company",60.67,-0.19,-0.31%,11559,56.2%,43.8%,"11:36 ET"
JD,"Jd.Com Inc Ads",26.93,0.4,+1.51%,11501,54.6%,45.4%,"11:36 ET"
CSX,"CSX Corp",74.14,-0.17999999999999,-0.24%,11380,34.9%,65.1%,"11:36 ET"
URI,"United Rentals",165.3,5.31,+3.32%,11371,71.9%,28.1%,"11:36 ET"
SGMS,"Scientific Games",26.25,-0.45,-1.69%,11070,85.4%,14.6%,"11:36 ET"
JCP,"J.C. Penney Company Inc",1.79,0.03,+1.70%,10931,37.4%,62.6%,"11:33 ET"
SYMC,"Symantec Corp",19.82,-0.07,-0.35%,10886,80.5%,19.5%,"11:36 ET"
LRCX,"Lam Research Corp",154.88,-4.58,-2.87%,10820,60.7%,39.3%,"11:36 ET"
AKS,"AK Steel Holding Corp",4.22,-0.02,-0.47%,10739,54.3%,45.7%,"11:36 ET"
EXP,"Eagle Materials Inc",87.28,0.64,+0.74%,10636,97.8%,2.2%,"11:36 ET"
NVDA,"Nvidia Corp",273.94,-0.79000000000002,-0.29%,10629,64.3%,35.7%,"11:36 ET"
ITUB,"Itau Unibanco Banco Holding S.A.",10.01,-0.48,-4.58%,10521,48.8%,51.2%,"11:36 ET"
MMM,"3M Company",210.57,-2.36,-1.11%,10464,51.2%,48.8%,"11:36 ET"
FDX,"Fedex Corp",248.97,-0.47999999999999,-0.19%,10440,66.3%,33.7%,"11:36 ET"
USB,"U.S. Bancorp",54.13,0.039999999999999,+0.07%,10255,23.9%,76.1%,"11:36 ET"
ETFC,"E*Trade Finl Corp",54.56,-0.16999999999999,-0.31%,10220,81.8%,18.2%,"11:36 ET"
TXN,"Texas Instruments",106.45,-1.87,-1.73%,10075,22.3%,77.7%,"11:36 ET"
AABA,"Altaba Inc",64.5,0.7,+1.10%,10001,65.9%,34.1%,"11:36 ET"
MSFT,"Microsoft Corp",110.51,1.13,+1.03%,10000,71.9%,28.2%,"11:36 ET"
NRG,"NRG Energy",35.4,0.14,+0.40%,9989,81.5%,18.5%,"11:36 ET"
STX,"Seagate Tech Ord Shs",48.28,-2.01,-4.00%,9855,62.6%,37.4%,"11:36 ET"
DE,"Deere & Company",148.89,0.27999999999997,+0.19%,9822,51.1%,48.9%,"11:36 ET"
GRPN,"Groupon Cl A",3.94,0.02,+0.51%,9816,93.2%,6.8%,"11:36 ET"
EBAY,"Ebay Inc",33.98,0.27,+0.80%,9753,66.1%,33.9%,"11:36 ET"
CTRP,"Ctrip.Com Intl Ltd",36.38,-0.47,-1.28%,9625,39.4%,60.6%,"11:36 ET"
COG,"Cabot Oil & Gas Corp",21.7,-0.16,-0.73%,9525,93.6%,6.4%,"11:36 ET"
DB,"Deutsche Bank Ag",11.16,0.050000000000001,+0.45%,9355,36.3%,63.7%,"11:35 ET"
OSTK,"Overstock.Com Inc",26.75,0.8,+3.08%,9287,74.3%,25.7%,"11:36 ET"
KKR,"KKR & Co. LP",26.6,0.25,+0.95%,9269,92.6%,7.4%,"11:35 ET"
INFN,"Infinera Corp",7.41,-0.0099999999999998,-0.13%,9172,77.1%,22.9%,"11:32 ET"
ZS,"Zscaler Inc.",44.73,-1.03,-2.25%,9154,48.2%,51.8%,"11:31 ET"
MRO,"Marathon Oil Corp",20.5,0.15,+0.74%,9118,51.6%,48.4%,"11:36 ET"
BKNG,"Booking Holdings Inc.",1877.8,2.04,+0.11%,9094,54.1%,45.9%,"11:36 ET"
LUV,"Southwest Airlines Company",63.04,0.53,+0.85%,9064,83.4%,16.6%,"11:36 ET"
WB,"Weibo Corp Ads",68.57,-2.09,-2.96%,9060,66.1%,33.9%,"11:36 ET"
DLTR,"Dollar Tree Inc",84.2,0.3,+0.36%,9011,62.1%,37.9%,"11:36 ET"
BSX,"Boston Scientific Corp",35.75,-0.090000000000003,-0.25%,8989,66.1%,33.9%,"11:36 ET"
AVEO,"Aveo Pharmaceuticals",2.93,-0.03,-1.01%,8943,28.0%,72.0%,"11:26 ET"
HD,"Home Depot",213.02,2.33,+1.11%,8918,84.4%,15.6%,"11:36 ET"
SE,"Sea Limited ADR",12.29,-0.48,-3.76%,8903,0.3%,99.7%,"11:36 ET"
BKS,"Barnes & Noble",5,0,0.00%,8841,10.3%,89.7%,"11:21 ET"
OKTA,"Okta Inc Class A",74.37,2.29,+3.18%,8637,71.6%,28.4%,"11:36 ET"
FIT,"Fitbit Inc",5.88,-0.04,-0.68%,8599,64.7%,35.3%,"11:36 ET"
FRED,"Fred's Inc",2.54,-0.43,-14.48%,8598,72.7%,27.3%,"11:35 ET"
SHOP,"Shopify Inc",143.95,1.82,+1.28%,8574,33.2%,66.8%,"11:33 ET"
APC,"Anadarko Petroleum Corp",62.67,-0.51,-0.81%,8538,45.2%,54.8%,"11:36 ET"
HPQ,"Hewlett-Packard Company",24.64,-0.009999999999998,-0.04%,8443,50.1%,49.9%,"11:35 ET"
WDAY,"Workday Inc",146.1,2.44,+1.70%,8442,61.1%,38.9%,"11:36 ET"
ROKU,"Roku Inc",69.63,0.92,+1.34%,8392,72.6%,27.4%,"11:36 ET"
BPY,"Brookfield Property Partners L",20.03,0.17,+0.86%,8390,50.5%,49.5%,"11:36 ET"
ETE,"Energy Transfer Equity LP",17.75,0.09,+0.51%,8235,78.3%,21.7%,"11:36 ET"
BUD,"Anheuser-Busch Inbev S.A.",88.14,-1.74,-1.94%,8076,60.5%,39.5%,"11:36 ET"
WBA,"Walgreens Boots Alliance",68.89,0.090000000000003,+0.13%,7875,43.6%,56.4%,"11:36 ET"
LNG,"Cheniere Energy",64.78,0.090000000000003,+0.14%,7869,64.9%,35.1%,"11:36 ET"
CI,"Cigna Corp",183.8,-2.56,-1.37%,7865,58.2%,41.8%,"11:35 ET"
MPC,"Marathon Petroleum Corp",83.21,0.77999999999999,+0.95%,7863,74.2%,25.8%,"11:36 ET"
KHC,"Kraft Heinz Co",56.95,-0.29,-0.51%,7797,36.9%,63.1%,"11:36 ET"
NTES,"Netease Inc Ads",186.91,-1.48,-0.79%,7778,48.8%,51.2%,"11:36 ET"
ANF,"Abercrombie & Fitch Company",20.83,0.37,+1.81%,7752,69.4%,30.6%,"11:36 ET"
SWKS,"Skyworks Solutions",85.01,-2.15,-2.47%,7684,46.9%,53.1%,"11:36 ET"
TRI,"Thomson Reuters Corp",44.67,-0.039999999999999,-0.09%,7599,67.2%,32.8%,"11:35 ET"
CDEV,"Centennial Resource Development Inc",19.95,0.3,+1.53%,7543,33.6%,66.4%,"11:36 ET"
TAL,"Tal Education Group",26.32,-0.039999999999999,-0.15%,7524,11.1%,88.9%,"11:36 ET"
SWN,"Southwestern Energy Company",4.86,-0.02,-0.41%,7405,65.2%,34.8%,"11:36 ET"
SFM,"Sprouts Farmers Mark",28.7,-0.41,-1.41%,7370,91.0%,9.0%,"11:35 ET"
SGMO,"Sangamo Therapeutics",14.65,-0.1,-0.68%,7361,85.1%,14.9%,"11:33 ET"
SLCA,"U.S. Silica Holdings Inc",19.81,0.69,+3.61%,7358,18.4%,81.6%,"11:36 ET"
NEM,"Newmont Mining Corp",29.7,-0.039999999999999,-0.13%,7342,58.5%,41.5%,"11:36 ET"
STZ,"Constellation Brands Inc",214.24,2.18,+1.03%,7339,67.4%,32.6%,"11:36 ET"
AA,"Alcoa Corp",40.95,-1.06,-2.52%,7325,74.2%,25.8%,"11:36 ET"
KMX,"Carmax Inc",80.06,0.12,+0.15%,7284,88.8%,11.2%,"11:36 ET"
DWDP,"Dowdupont Inc",70.43,0.37,+0.53%,7008,67.4%,32.6%,"11:36 ET"
CMI,"Cummins Inc",142.73,0.31999999999999,+0.22%,7005,67.8%,32.2%,"11:36 ET"
GPRO,"Gopro Inc Cl A",6.3,-0.02,-0.32%,6990,48.5%,51.5%,"11:23 ET"
AXP,"American Express Company",107.63,0.33999999999999,+0.32%,6893,51.8%,48.2%,"11:36 ET"
RIG,"Transocean Inc",10.97,0.09,+0.83%,6767,99.4%,0.6%,"11:36 ET"
AKAM,"Akamai Technologies",76.56,-0.19,-0.25%,6727,45.5%,54.5%,"11:33 ET"
ALNY,"Alnylam Pharmaceut",101.03,-3.22,-3.09%,6654,28.2%,71.8%,"11:33 ET"
BBD,"Banco Bradesco S.A.",6.59,-0.36,-5.18%,6599,33.5%,66.5%,"11:36 ET"
FNSR,"Finisar Corp",18.93,-1.17,-5.82%,6553,63.5%,36.5%,"11:36 ET"
KNX,"Knight-Swift Transporation Inc",36.5,-0.34,-0.92%,6483,93.6%,6.4%,"11:36 ET"
UNP,"Union Pacific Corp",156.59,0.63,+0.40%,6433,60.2%,39.8%,"11:36 ET"
CL,"Colgate-Palmolive Company",67.11,-0.049999999999997,-0.07%,6396,35.5%,64.5%,"11:36 ET"
CRR,"Carbo Ceramics",8.14,0.23,+2.91%,6360,4.5%,95.5%,"11:29 ET"
SODA,"Sodastream Int Ltd",142.62,-0.039999999999992,-0.03%,6347,50.9%,49.1%,"11:35 ET"
CY,"Cypress Semiconductr",15.53,-0.21,-1.33%,6334,74.6%,25.4%,"11:36 ET"
SFLY,"Shutterfly Inc",72.68,-0.089999999999989,-0.12%,6330,96.3%,3.7%,"11:34 ET"
AUY,"Yamana Gold",2.35,-0.02,-0.84%,6321,77.2%,22.8%,"11:36 ET"
OLED,"Universal Display",127.5,-0.099999999999994,-0.08%,6296,59.0%,41.0%,"11:35 ET"
FRAN,"Francesca's Holdings",4,-1.89,-32.09%,6274,59.5%,40.5%,"11:36 ET"
BHP,"Bhp Billiton Ltd",43.88,0.020000000000003,+0.05%,6240,82.7%,17.3%,"11:36 ET"
AIG,"American International Group",52.47,-0.25,-0.47%,6210,31.4%,68.6%,"11:36 ET"
BB,"Blackberry Ltd",10.18,0.21,+2.11%,6153,61.1%,38.9%,"11:36 ET"
BBY,"Best Buy Co",77.67,0.36,+0.47%,6135,57.1%,42.9%,"11:35 ET"
BX,"The Blackstone Group LP",35.95,0.050000000000004,+0.14%,6117,83.0%,17.0%,"11:36 ET"
COF,"Capital One Financial Corp",98.48,0.010000000000005,+0.01%,6008,61.9%,38.1%,"11:36 ET"
C,"Citigroup Inc",69.38,-0.25,-0.36%,5959,67.4%,32.6%,"11:36 ET"
IDTI,"Integrated Devices",46.68,4.6,+10.93%,5940,71.7%,28.3%,"11:36 ET"
ULTA,"Ulta Salon Cosmetic",286.5,0.54000000000002,+0.19%,5902,57.1%,42.9%,"11:36 ET"
ARNC,"Arconic Inc",22.23,0.24,+1.09%,5859,73.6%,26.4%,"11:36 ET"
YNDX,"Yandex N.V.",30.03,-0.29,-0.96%,5854,90.5%,9.5%,"11:36 ET"
AGN,"Allergan Plc",189.24,0.060000000000002,+0.03%,5806,45.3%,54.7%,"11:36 ET"
VLO,"Valero Energy Corp",115.22,-0.030000000000001,-0.03%,5798,50.7%,49.3%,"11:36 ET"
FOLD,"Amicus Therapeutics",12.02,0.02,+0.17%,5791,44.3%,55.7%,"11:36 ET"
LLY,"Eli Lilly and Company",105.89,-0.53,-0.50%,5763,59.1%,40.9%,"11:36 ET"
DVN,"Devon Energy Corp",41.05,0.54,+1.33%,5749,65.0%,35.0%,"11:36 ET"
LMT,"Lockheed Martin Corp",321.55,-1.4,-0.43%,5566,63.8%,36.2%,"11:35 ET"
KSU,"Kansas City Southern",119.18,-0.69999999999999,-0.58%,5490,91.5%,8.5%,"11:36 ET"
TRXC,"Transenterix Inc",5.29,0.0099999999999998,+0.19%,5480,80.8%,19.2%,"11:33 ET"
AZN,"Astrazeneca Plc",37.83,0.079999999999998,+0.21%,5469,91.1%,8.9%,"11:36 ET"
UAA,"Under Armour",20.05,-0.029999999999998,-0.15%,5403,57.9%,42.1%,"11:36 ET"
NTNX,"Nutanix Inc",52.68,0.86,+1.66%,5377,61.0%,39.0%,"11:36 ET"
WLL,"Whiting Petroleum Corp",47.59,0.75,+1.60%,5356,67.7%,32.3%,"11:36 ET"
SYF,"Synchrony Financial",32.46,0.28,+0.87%,5344,63.8%,36.2%,"11:36 ET"
BIIB,"Biogen Inc",337.76,-2.49,-0.73%,5310,51.0%,49.0%,"11:36 ET"
PENN,"Penn Natl Gaming Inc",31.89,-0.44,-1.36%,5297,30.8%,69.2%,"11:36 ET"
SNE,"Sony Corp",56.74,0.060000000000002,+0.11%,5247,85.3%,14.7%,"11:29 ET"
MOMO,"Momo Inc Ads",42.68,-0.12,-0.28%,5217,47.6%,52.4%,"11:36 ET"
DHI,"D.R. Horton",43.16,0.29,+0.68%,5192,68.5%,31.5%,"11:36 ET"
NOG,"Northern Oil and Gas",3.14,0.01,+0.32%,5180,4.2%,95.8%,"11:35 ET"
WPM,"Wheaton Precious Metals",15.37,-0.040000000000001,-0.26%,5171,59.3%,40.7%,"11:36 ET"
ETP,"Energy Transfer Partners",22.75,0.11,+0.49%,5166,82.5%,17.5%,"11:36 ET"
NOK,"Nokia Corp",5.36,-0.029999999999999,-0.56%,5158,78.0%,22.0%,"11:34 ET"
ESRX,"Express Scripts",89.5,-0.65000000000001,-0.72%,5148,28.0%,72.0%,"11:36 ET"
ACN,"Accenture Plc",170.34,0.78999999999999,+0.47%,5145,52.2%,47.8%,"11:36 ET"
AMAT,"Applied Materials",39.12,-0.48,-1.21%,5140,56.2%,43.8%,"11:36 ET"
STI,"Suntrust Banks",74.28,0.28,+0.38%,5027,6.1%,93.9%,"11:36 ET"
ESV,"Ensco Plc",6.79,0.23,+3.51%,5014,85.2%,14.8%,"11:36 ET"
MDT,"Medtronic Inc",96.34,-0.030000000000001,-0.03%,4954,41.8%,58.2%,"11:36 ET"
WFT,"Weatherford International Ltd",2.42,0.04,+1.68%,4896,47.4%,52.6%,"11:36 ET"
TLRD,"Tailored Brands Inc",23.48,-0.059999999999999,-0.25%,4867,82.8%,17.2%,"11:36 ET"
DVMT,"Dell Technologies Inc Cl V",96.78,-0.069999999999993,-0.07%,4840,51.9%,48.1%,"11:36 ET"
APA,"Apache Corp",43.65,0.34,+0.79%,4832,69.9%,30.1%,"11:36 ET"
VOD,"Vodafone Grp Plc Ads",21.67,0.020000000000003,+0.09%,4777,47.2%,52.8%,"11:36 ET"
NRZ,"New Residential Investment Corp",18.61,0.059999999999999,+0.32%,4756,88.3%,11.7%,"11:35 ET"
GRUB,"Grubhub Inc",145.35,4.34,+3.08%,4711,70.5%,29.5%,"11:36 ET"
CLMT,"Calumet Specialty Pr",6.95,-0.1,-1.42%,4630,40.3%,59.7%,"11:25 ET"
WTW,"Weight Watchers International Inc",69.51,-0.059999999999988,-0.09%,4618,73.4%,26.6%,"11:36 ET"
NXPI,"Nxp Semiconductors",89.06,-4.62,-4.93%,4617,44.9%,55.1%,"11:36 ET"
SPLK,"Splunk Inc",126.06,0.74000000000001,+0.59%,4603,64.7%,35.3%,"11:35 ET"
SFIX,"Stitch Fix Inc",46.09,0.1,+0.22%,4574,59.6%,40.4%,"11:35 ET"
SPOT,"Spotify Technology S.A.",181.84,-0.65000000000001,-0.36%,4557,50.3%,49.7%,"11:36 ET"
TECK,"Teck Resources Ltd",21.53,-0.31,-1.42%,4547,67.8%,32.2%,"11:36 ET"
SHLD,"Sears Hldgs Corp",1.45,0.04,+2.84%,4518,68.6%,31.4%,"11:34 ET"
SINA,"Sina Corp",64.35,-0.79000000000001,-1.21%,4499,53.3%,46.7%,"11:34 ET"
F,"Ford Motor Company",9.3,-0.08,-0.85%,4475,44.8%,55.2%,"11:36 ET"
NLSN,"Nielsen Holdings Plc",26.26,-0.31,-1.17%,4438,4.3%,95.7%,"11:36 ET"
CREE,"Cree Inc",43.22,-0.38,-0.87%,4419,78.9%,21.1%,"11:36 ET"
ZUO,"Zuora Inc.",25.05,0.38,+1.54%,4353,67.4%,32.6%,"11:36 ET"
SHPG,"Shire Plc Ads",169.36,1.38,+0.82%,4352,68.0%,32.0%,"11:33 ET"
BLUE,"Bluebird Bio",147.25,-0.75,-0.51%,4348,42.1%,57.9%,"11:35 ET"
SM,"Sm Energy Company",29.95,0.71,+2.43%,4244,2.2%,97.8%,"11:36 ET"
SRPT,"Sarepta Therapeutics",140.84,0.64000000000001,+0.46%,4243,55.5%,44.5%,"11:34 ET"
ABT,"Abbott Laboratories",66.51,-0.039999999999992,-0.06%,4239,59.0%,41.0%,"11:36 ET"
UTX,"United Technologies Corp",133.38,-0.27000000000001,-0.20%,4125,55.2%,44.8%,"11:36 ET"
AOBC,"American Outdoor Brands Corp",14.87,0.09,+0.61%,4105,57.6%,42.4%,"11:36 ET"
YY,"YY Inc",70.51,-0.079999999999998,-0.11%,4101,34.8%,65.2%,"11:36 ET"
FNKO,"Funko Inc Class A",27.42,-3.63,-11.69%,4100,73.4%,26.6%,"11:36 ET"
WP,"Worldpay Inc.",97.28,0.079999999999998,+0.08%,4099,49.5%,50.5%,"11:35 ET"
TAHO,"Tahoe Res Inc",2.66,-0.02,-0.75%,3968,96.4%,3.6%,"11:36 ET"
SONC,"Sonic Cp",38.96,3.34,+9.38%,3929,6.0%,94.0%,"11:36 ET"
VKTX,"Viking Thera",10.96,-0.47,-4.11%,3905,93.5%,6.5%,"11:36 ET"
SO,"Southern Company",44.25,-0.11,-0.25%,3902,56.4%,43.6%,"11:36 ET"
AAOI,"Applied Optoelect",32.62,-0.51000000000001,-1.54%,3883,70.4%,29.6%,"11:33 ET"
SCHW,"The Charles Schwab Corp",50.9,0.28,+0.55%,3875,66.4%,33.6%,"11:36 ET"
THC,"Tenet Healthcare Corp",29.88,-0.009999999999998,-0.03%,3873,39.9%,60.1%,"11:34 ET"
YELP,"Yelp Inc",45.38,0.13,+0.29%,3863,42.7%,57.3%,"11:35 ET"
REGN,"Regeneron Pharmaceutical",392.42,-2.62,-0.66%,3848,50.5%,49.5%,"11:34 ET"
GS,"Goldman Sachs Group",229.71,-2.2,-0.95%,3846,59.0%,41.0%,"11:36 ET"
EOG,"Eog Resources",116.01,1.69,+1.48%,3844,57.5%,42.5%,"11:34 ET"
CB,"Chubb Ltd",135.34,-0.12,-0.09%,3825,21.1%,78.9%,"11:36 ET"
TGTX,"Tg Therapeuticscmn",11.65,0.25,+2.19%,3783,69.4%,30.6%,"11:34 ET"
ALGN,"Align Technology I",378.01,3.23,+0.86%,3712,38.5%,61.5%,"11:34 ET"
SUM,"Summit Materials Inc",19.13,0.09,+0.47%,3689,93.5%,6.5%,"11:36 ET"
FLEX,"Flextronics Intl Ltd",12.85,-0.17,-1.31%,3641,67.3%,32.7%,"11:36 ET"
PBR,"Petroleo Brasileiro S.A. Petrobras",10.4,-0.48,-4.41%,3617,56.4%,43.6%,"11:36 ET"
ANTM,"Anthem Inc",263.06,0.47000000000003,+0.18%,3572,49.6%,50.4%,"11:35 ET"
DVAX,"Dynavax Technologies",12.35,-0.3,-2.37%,3556,11.3%,88.7%,"11:21 ET"
PYPL,"Paypal Holdings",90.93,1.13,+1.26%,3554,77.7%,22.3%,"11:36 ET"
TNDM,"Tandem Diabetes Care",45.91,-0.090000000000003,-0.20%,3530,66.0%,34.0%,"11:34 ET"
TRN,"Trinity Industries",35.53,-0.28,-0.78%,3518,95.3%,4.7%,"11:35 ET"
BZUN,"Baozun Inc Ads",44.47,-1.87,-4.04%,3513,56.3%,43.7%,"11:35 ET"
GD,"General Dynamics Corp",195.53,-0.16,-0.08%,3511,99.9%,0.1%,"11:35 ET"
TIF,"Tiffany & Co",123.73,-0.58999999999999,-0.47%,3509,67.5%,32.5%,"11:35 ET"
BAX,"Baxter International Inc",75.62,0.73,+0.97%,3494,11.8%,88.2%,"11:36 ET"
SU,"Suncor Energy Inc",38.3,-0.22000000000001,-0.57%,3460,79.1%,20.9%,"11:36 ET"
SIRI,"Sirius XM Holdings I",7.2,0.06,+0.84%,3458,87.0%,13.0%,"11:36 ET"
NTAP,"Netapp Inc",84.16,0.59999999999999,+0.72%,3454,70.2%,29.8%,"11:35 ET"
CLDR,"Cloudera Inc",17.55,0.12,+0.69%,3425,67.6%,32.4%,"11:36 ET"
PLAY,"Dave & Buster's Ente",57.17,-0.22,-0.38%,3413,47.4%,52.6%,"11:35 ET"
TPX,"Tempur-Pedic International Inc",53.84,0.07,+0.13%,3409,92.3%,7.7%,"11:33 ET"
UNM,"Unumprovident Corp",35.71,-0.23,-0.64%,3400,89.5%,10.5%,"11:36 ET"
VTL,"Vital Therapies Inc",7,0.05,+0.72%,3399,26.8%,73.2%,"11:21 ET"
AVAV,"Aerovironment Inc",107.84,1.73,+1.63%,3391,44.3%,55.7%,"11:35 ET"
BBVA,"Banco Bilbao Viscaya Argentaria S.A.",6.05,0.04,+0.67%,3387,1.3%,98.7%,"11:29 ET"
SC,"Santander Consumer USA Holdings",21.45,0.23,+1.08%,3386,39.8%,60.2%,"11:35 ET"
NOW,"Servicenow Inc",200.19,1.18,+0.59%,3385,46.4%,53.6%,"11:36 ET"
EXPE,"Expedia Group Inc.",129.12,0.069999999999993,+0.05%,3342,48.3%,51.7%,"11:36 ET"
FDC,"First Data Corp",25.09,-0.07,-0.28%,3324,69.4%,30.6%,"11:36 ET"
MTW,"Manitowoc Company",21.91,-0.53,-2.36%,3312,96.9%,3.1%,"11:35 ET"
BBBY,"Bed Bath & Beyond",18.69,0.060000000000002,+0.32%,3278,54.1%,45.9%,"11:33 ET"
UPL,"Ultra Petroleum Corp",1.17,-0.02,-1.68%,3264,97.8%,2.2%,"11:31 ET"
ISRG,"Intuitive Surg Inc",544.56,2.6799999999999,+0.49%,3257,32.1%,67.9%,"11:35 ET"
SPWR,"Sunpower Corp",6.73,0.27,+4.18%,3248,55.4%,44.6%,"11:35 ET"
SBGI,"Sinclair Brdcst A",27,0.02,+0.07%,3241,86.2%,13.8%,"11:32 ET"
MCK,"Mckesson Corp",129.82,-0.54000000000002,-0.41%,3237,79.6%,20.4%,"11:35 ET"
AET,"Aetna Inc",201.43,0.38,+0.19%,3225,29.8%,70.2%,"11:36 ET"
GM,"General Motors Company",33.68,-0.19,-0.56%,3217,74.3%,25.7%,"11:36 ET"
ETN,"Eaton Corp",85.28,0.030000000000001,+0.04%,3210,71.9%,28.1%,"11:35 ET"
CPB,"Campbell Soup Company",40.38,-0.15,-0.37%,3185,56.8%,43.2%,"11:36 ET"
MDB,"Mongodb Inc Class A",83.77,0.47,+0.56%,3181,77.3%,22.7%,"11:36 ET"
TTM,"Tata Motors Ltd",18.13,-0.64,-3.41%,3142,45.1%,54.9%,"11:36 ET"
UA,"Under Armour Inc Class C Comm",18.72,-0.039999999999999,-0.21%,3131,59.4%,40.6%,"11:35 ET"
TSM,"Taiwan Semiconductor Manufacturing",44.16,-0.46,-1.03%,3130,82.2%,17.8%,"11:36 ET"
XPO,"Xpo Logistics Inc",112.7,0.7,+0.63%,3084,87.3%,12.7%,"11:36 ET"
ADI,"Analog Devices",93.39,-1.2,-1.27%,3072,32.4%,67.6%,"11:36 ET"
TIS,"Orchids Paper Products Company",3,-0.04,-1.32%,3070,9.8%,90.2%,"11:28 ET"
Z,"Zillow Group Cl C",46.9,0.79,+1.71%,3046,70.8%,29.2%,"11:34 ET"
CCL,"Carnival Corp",61.97,-0.020000000000003,-0.03%,3038,70.4%,29.6%,"11:35 ET"
NUE,"Nucor Corp",62.37,-0.07,-0.11%,3026,32.5%,67.5%,"11:35 ET"
BYD,"Boyd Gaming Corp",33.05,-0.2,-0.60%,3016,6.8%,93.2%,"11:36 ET"
W,"Wayfair Inc",142.78,4,+2.88%,3011,58.3%,41.7%,"11:36 ET"
SPPI,"Spectrum Pharma Inc",21.1,0.55,+2.68%,3003,93.9%,6.1%,"11:36 ET"
CIEN,"Ciena Corp",31.2,-0.36,-1.14%,2997,56.8%,43.2%,"11:36 ET"
YUM,"Yum! Brands",88.19,-0.27,-0.31%,2996,57.0%,43.0%,"11:36 ET"
WAB,"Wabtec Corp",112.54,-0.069999999999993,-0.06%,2987,12.2%,87.8%,"11:35 ET"
MYL,"Mylan Nv Ord Shs",37.62,-0.37,-0.97%,2984,38.5%,61.5%,"11:36 ET"
ETSY,"Etsy Inc",49.24,2.05,+4.34%,2956,30.2%,69.8%,"11:36 ET"
NWL,"Newell Rubbermaid Inc",21.47,-0.14,-0.65%,2930,68.2%,31.8%,"11:36 ET"
STM,"Stmicroelectronics N.V.",18.37,-0.4,-2.13%,2927,90.4%,9.6%,"11:35 ET"
BK,"Bank of New York Mellon Corp",52.16,0.13,+0.25%,2900,30.4%,69.6%,"11:35 ET"
JPM,"JP Morgan Chase & Co",113.97,0.26000000000001,+0.23%,2897,74.4%,25.6%,"11:36 ET"
DG,"Dollar General Corp",112.42,0.97,+0.87%,2893,83.2%,16.8%,"11:36 ET"
TSN,"Tyson Foods",63.13,-0.26,-0.41%,2878,57.1%,42.9%,"11:36 ET"
CENX,"Century Aluminum C",11.98,-0.21,-1.72%,2876,81.1%,18.9%,"11:36 ET"
HRB,"H&R Block",25.32,-0.43,-1.67%,2836,77.9%,22.1%,"11:33 ET"
LITE,"Lumentum Hld",61.35,-3.8,-5.83%,2831,62.8%,37.2%,"11:36 ET"
CASY,"Casey's General Stor",126.51,9.72,+8.32%,2818,56.8%,43.2%,"11:35 ET"
AGNC,"American Capital Age",19.14,-0.050000000000001,-0.26%,2815,13.0%,87.0%,"11:35 ET"
EXTR,"Extreme Networks",5.79,-0.16,-2.69%,2782,27.2%,72.8%,"11:36 ET"
DDD,"3D Systems Corp",18.42,-0.26,-1.39%,2777,67.6%,32.4%,"11:36 ET"
MAN,"Manpower Inc",87.1,-1.24,-1.40%,2776,92.0%,8.0%,"11:33 ET"
IBKR,"Interactive Brokers",57.87,-0.17,-0.29%,2769,88.2%,11.8%,"11:30 ET"
NKTR,"Nektar Therapeutics",64.71,-1.87,-2.81%,2751,22.5%,77.5%,"11:36 ET"
KLXI,"Klx Inc",73.33,-0.27,-0.37%,2726,6.3%,93.7%,"11:36 ET"
TTWO,"Take-Two Interacti",132.13,2.97,+2.30%,2697,44.0%,56.0%,"11:34 ET"
MAT,"Mattel Inc",15.81,-0.25,-1.56%,2692,74.0%,26.0%,"11:36 ET"
VSI,"Vitamin Shoppe Inc",13.2,0.049999999999999,+0.38%,2647,97.0%,3.0%,"11:36 ET"
CME,"CME Group Inc",173.27,-0.82999999999998,-0.48%,2631,65.6%,34.4%,"11:36 ET"
NSC,"Norfolk Southern Corp",178.92,-1.2,-0.67%,2613,47.4%,52.6%,"11:35 ET"
FAST,"Fastenal Co",59.12,0.95,+1.63%,2600,7.5%,92.5%,"11:36 ET"
FEYE,"Fireeye Inc",15.59,0.15,+0.97%,2593,69.8%,30.2%,"11:36 ET"
LYB,"Lyondellbasell Industries Nv",106.61,-0.27,-0.25%,2590,46.1%,53.9%,"11:36 ET"
AEM,"Agnico-Eagle Mines Ltd",32.8,-0.23,-0.70%,2573,48.0%,52.0%,"11:36 ET"
CHRW,"C.H. Robinson Ww",100.37,0.19,+0.19%,2565,68.4%,31.6%,"11:35 ET"
FOMX,"Foamix Pharma Ord",6.06,-0.06,-0.98%,2562,36.0%,64.0%,"11:26 ET"
TTD,"Trade Desk Inc",147.26,4.82,+3.38%,2559,48.5%,51.5%,"11:36 ET"
JNJ,"Johnson & Johnson",138.59,1.38,+1.01%,2546,63.2%,36.8%,"11:36 ET"
ECA,"Encana Corp",12.17,0.16,+1.33%,2526,79.7%,20.3%,"11:36 ET"
ACOR,"Acorda Therapeutics",20,-0.8,-3.85%,2522,21.8%,78.2%,"11:34 ET"
CRC,"California Resources Corporatio",37.25,1.46,+4.08%,2513,71.6%,28.4%,"11:36 ET"
VMW,"Vmware Inc",154.24,0.45000000000002,+0.29%,2495,70.9%,29.1%,"11:34 ET"
YPF,"Ypf Sociedad Anonima",14.4,-0.42,-2.83%,2493,59.9%,40.1%,"11:34 ET"
KFY,"Korn/Ferry International",49.9,-1.39,-2.71%,2485,81.7%,18.3%,"11:36 ET"
LSCC,"Lattice Semicond",7.69,-0.06,-0.77%,2477,100.0%,0.0%,"11:34 ET"
CWH,"Camping World Holdings Inc",19.48,-0.82,-4.04%,2476,57.3%,42.7%,"11:36 ET"
ANET,"Arista Networks Inc",267.22,-1.79,-0.67%,2466,43.1%,56.9%,"11:36 ET"
TRIP,"Tripadvisor Inc",51.11,0.44,+0.87%,2464,53.2%,46.8%,"11:36 ET"
CF,"Cf Industries Holdings",52.22,0.75,+1.46%,2463,69.5%,30.5%,"11:36 ET"
ADP,"Automatic Data Procs",146.83,-0.19,-0.13%,2462,54.3%,45.7%,"11:36 ET"
YEXT,"Yext Inc",26.12,0.080000000000002,+0.31%,2454,24.2%,75.8%,"11:30 ET"
DKS,"Dick's Sporting Goods Inc",39.12,-0.2,-0.51%,2434,54.8%,45.2%,"11:36 ET"
VMC,"Vulcan Materials Company",108.68,1.48,+1.38%,2423,33.4%,66.6%,"11:35 ET"
ADM,"Archer Daniels Midland Company",49.56,-0.14,-0.28%,2419,68.7%,31.3%,"11:36 ET"
INFO,"IHS Markit Ltd",54.96,-0.009999999999998,-0.02%,2405,99.3%,0.7%,"11:35 ET"
ARWR,"Arrowhead Pharma",20.75,0.45,+2.22%,2394,47.6%,52.4%,"11:36 ET"
IBM,"International Business Machines",146.4,0.75,+0.51%,2374,34.2%,65.8%,"11:36 ET"
XOG,"Extraction Oil & Gas Inc",10.43,-0.41,-3.78%,2370,95.7%,4.3%,"11:36 ET"
NOC,"Northrop Grumman Corp",303.12,-0.81999999999999,-0.27%,2366,54.6%,45.4%,"11:36 ET"
AMC,"Amc Entertainment Holdings Inc",19.75,-0.15,-0.75%,2342,79.7%,20.3%,"11:33 ET"
BECN,"Beacon Roofing Suppl",41.71,0.57,+1.39%,2317,66.9%,33.1%,"11:33 ET"
DISH,"Dish Network Corp",34.47,-0.4,-1.15%,2302,34.5%,65.5%,"11:36 ET"
NOV,National-Oilwell,44.15,0.5,+1.15%,2296,45.1%,54.9%,"11:36 ET"
FNV,"Franco Nev Corp",58.71,-1.42,-2.36%,2282,4.8%,95.2%,"11:36 ET"
CVE,"Cenovus Energy Inc",8.89,-0.11,-1.22%,2279,87.9%,12.1%,"11:36 ET"
CRSP,"Crispr Therapeutics Ag",50.51,0.82,+1.65%,2278,45.9%,54.1%,"11:36 ET"
BBT,"BB&T Corp",51.96,0.2,+0.39%,2276,21.3%,78.7%,"11:36 ET"
AG,"First Majestic Silver",5.22,-0.11,-2.06%,2274,66.3%,33.7%,"11:35 ET"
GALT,"Galectin Therapeutic",5.57,-0.11,-1.94%,2264,87.7%,12.3%,"11:21 ET"
BG,"Bunge Ltd",62.36,-0.6,-0.95%,2260,87.3%,12.7%,"11:36 ET"
ESNT,"Essent Group Ltd",44.99,0.19,+0.42%,2251,100.0%,0.0%,"11:36 ET"
NVO,"Novo Nordisk A/S",48.3,-0.13,-0.27%,2249,98.4%,1.6%,"11:36 ET"
HAIN,"Hain Celestial Grp",28.24,-0.84,-2.89%,2240,71.4%,28.6%,"11:36 ET"
NVAX,"Novavax Inc",1.43,-0.05,-3.38%,2212,96.5%,3.5%,"11:31 ET"
ALXN,"Alexion Pharm Inc",117.7,-0.11,-0.09%,2207,47.7%,52.3%,"11:35 ET"
SEAS,"Seaworld Entertainment Inc Co",30.91,-0.16,-0.51%,2190,81.1%,18.9%,"11:36 ET"
DUK,"Duke Energy Corp",82.22,-0.090000000000003,-0.11%,2179,28.4%,71.6%,"11:36 ET"
KEY,Keycorp,21.27,0.36,+1.72%,2176,71.7%,28.3%,"11:33 ET"
XYL,"Xylem Inc",79.76,-0.14,-0.18%,2164,92.0%,8.0%,"11:35 ET"
NLST,"Netlist Inc",0.85,0.1,+13.33%,2162,97.2%,2.8%,"11:36 ET"
VIAV,"Viavi Solutions",11.27,-0.06,-0.53%,2140,73.6%,26.4%,"11:36 ET"
NNBR,"NN Inc",17.3,-2.55,-12.85%,2136,23.5%,76.5%,"11:36 ET"
EXAS,"Exact Sciences Cor",75.3,-0.69,-0.91%,2131,58.7%,41.3%,"11:31 ET"
NTR,"Nutrien Ltd",56,0.7,+1.27%,2100,69.2%,30.8%,"11:36 ET"
TMUS,"T-Mobile US",65.74,0.17999999999999,+0.27%,2099,49.8%,50.2%,"11:36 ET"
MIK,"The Michaels Comp",17.08,-0.3,-1.73%,2092,76.4%,23.6%,"11:34 ET"
CROX,"Crocs Inc",21.08,-0.26,-1.22%,2054,73.1%,26.9%,"11:36 ET"
VRTX,"Vertex Pharmaceutic",179.7,0.41999999999999,+0.23%,2037,50.4%,49.6%,"11:36 ET"
DFS,"Discover Financial Services",78.81,0.68000000000001,+0.87%,2035,83.4%,16.6%,"11:35 ET"
ESPR,"Esperion Theraptc",48,-1.54,-3.11%,2031,25.2%,74.8%,"11:30 ET"
CLR,"Continental Resources",61.41,1.4,+2.33%,2026,62.2%,37.8%,"11:36 ET"
VIRT,"Virtu Financial Cm A",21.55,-0.25,-1.15%,2023,21.1%,78.9%,"11:34 ET"
GGAL,"Grupo Fin Galicia",21.72,-1.26,-5.48%,2018,54.7%,45.3%,"11:26 ET"
ILMN,"Illumina Inc",350.74,1.37,+0.39%,2008,40.3%,59.7%,"11:35 ET"
CTSH,"Cognizant Tech Sol",76.39,0.83,+1.10%,1998,35.2%,64.8%,"11:36 ET"
CLX,"Clorox Company",150.35,-0.21000000000001,-0.14%,1990,48.8%,51.2%,"11:34 ET"
QCOM,"Qualcomm Inc",72.09,-0.22999999999999,-0.32%,1985,88.8%,11.2%,"11:36 ET"
VSTM,"Verastem Inc",8.98,-0.07,-0.77%,1973,88.4%,11.6%,"11:35 ET"
COST,"Costco Wholesale",244,0.81999999999999,+0.34%,1970,73.3%,26.7%,"11:35 ET"
QRVO,"Qorvo Inc",72.73,-1.25,-1.69%,1968,81.3%,18.8%,"11:36 ET"
TAP,"Molson Coors Brewing Company",63.8,-0.93000000000001,-1.44%,1957,58.6%,41.4%,"11:36 ET"
NGD,"New Gold Inc",0.79,-0.01,-1.27%,1953,90.7%,9.3%,"11:35 ET"
AU,"Anglogold Ashanti Ltd",7.77,-0.03,-0.38%,1924,31.9%,68.1%,"11:36 ET"
EDU,"New Oriental Education & Technology Group",70.91,0.86,+1.23%,1922,41.5%,58.5%,"11:36 ET"
BLDR,"Builders Firstsource",16.48,-0.25,-1.49%,1919,89.2%,10.8%,"11:36 ET"
APRN,"Blue Apron Holdings Inc",1.85,-0.06,-3.14%,1909,70.3%,29.7%,"11:20 ET"
EROS,"Eros International Plc",12.95,0.95,+7.92%,1895,54.1%,45.9%,"11:35 ET"
CXO,"Concho Resources Inc",136.56,3.95,+2.98%,1894,53.0%,47.0%,"11:36 ET"
CYH,"Community Health Systems",3.19,0.0099999999999998,+0.31%,1869,61.9%,38.1%,"11:36 ET"
COUP,"Coupa Software Inc",79.12,1.1,+1.41%,1866,41.9%,58.1%,"11:36 ET"
TM,"Toyota Motor Corp Ltd Ord",119.69,0.50999999999999,+0.43%,1863,23.2%,76.8%,"11:32 ET"
CMCM,"Cheetah Mobile Inc",9.06,-0.21,-2.27%,1862,95.2%,4.8%,"11:30 ET"
MO,"Altria Group",59.46,-1.12,-1.85%,1837,48.8%,51.2%,"11:36 ET"
CSIQ,"Canadian Solar Inc",14.75,0.06,+0.41%,1834,71.8%,28.2%,"11:34 ET"
BCS,"Barclays Plc",9.26,-0.11,-1.17%,1834,7.5%,92.5%,"11:35 ET"
UBNT,"Ubiquiti Networks I",92.59,3.2,+3.58%,1812,23.0%,77.0%,"11:35 ET"
ABB,"Abb Ltd",23.26,-0.049999999999997,-0.21%,1811,84.6%,15.4%,"11:36 ET"
NTRI,"Nutrisystem Inc",36,-0.049999999999997,-0.14%,1810,14.1%,85.9%,"11:29 ET"
BLK,Blackrock,471.64,-2.11,-0.45%,1808,33.0%,67.0%,"11:35 ET"
ALB,"Albemarle Corp",97.97,0.58,+0.60%,1804,74.2%,25.8%,"11:35 ET"
AFL,"Aflac Incorporated",46.7,-0.07,-0.15%,1792,26.0%,74.0%,"11:36 ET"
TMO,"Thermo Fisher Scientific Inc",236.48,-0.71000000000001,-0.30%,1785,27.2%,72.8%,"11:36 ET"
GLPI,"Gaming & Leisure",34.57,-0.18,-0.52%,1772,97.2%,2.8%,"11:35 ET"
RTN,"Raytheon Company",198.8,-0.38,-0.19%,1771,20.9%,79.1%,"11:36 ET"
SWIR,"Sierra Wireless In",20.5,0.7,+3.54%,1769,50.7%,49.3%,"11:33 ET"
SKX,"Skechers U.S.A.",28.49,-0.29,-1.01%,1769,66.5%,33.5%,"11:34 ET"
NLY,"Annaly Capital Management Inc",10.52,0.0099999999999998,+0.10%,1765,56.7%,43.3%,"11:36 ET"
CDE,"Coeur Mining Inc",5.36,-0.16,-2.90%,1761,47.7%,52.3%,"11:36 ET"
AZO,Autozone,768.18,3.1999999999999,+0.42%,1759,56.7%,43.3%,"11:31 ET"
DXCM,Dexcom,147.42,2.27,+1.56%,1756,72.3%,27.7%,"11:30 ET"
EPD,"Enterprise Products Partners LP",28.98,0.16,+0.56%,1736,63.0%,37.0%,"11:35 ET"
MPLX,"Mplx LP",36.62,0.54,+1.50%,1731,92.5%,7.5%,"11:36 ET"
THO,"Thor Industries",95.5,-2.28,-2.33%,1727,53.0%,47.0%,"11:35 ET"
EMES,"Emerge Energy Services LP",4.69,0.08,+1.74%,1727,52.6%,47.4%,"11:36 ET"
SEDG,"Solaredge Tech",42.65,0.4,+0.95%,1723,42.6%,57.4%,"11:35 ET"
UNIT,"Uniti Group Inc",19.51,0.11,+0.57%,1722,39.9%,60.1%,"11:36 ET"
BEL,"Belmond Ltd",16.67,-0.13,-0.77%,1718,98.8%,1.2%,"11:21 ET"
YUMC,"Yum China Holdings Inc",31.97,-4.89,-13.27%,1718,38.8%,61.2%,"11:36 ET"
MOS,"Mosaic Company",30.86,0.56,+1.85%,1717,66.8%,33.2%,"11:36 ET"
CCJ,"Cameco Corp",9.47,0.050000000000001,+0.53%,1715,65.1%,34.9%,"11:36 ET"
NAV,"Navistar International Corp",38.68,-0.54,-1.38%,1708,71.9%,28.1%,"11:33 ET"
CTXS,"Citrix Systems Inc",111.13,0.33999999999999,+0.31%,1706,41.1%,58.9%,"11:36 ET"
WUBA,"58.Com Inc",67.2,-0.89999999999999,-1.32%,1687,21.1%,78.9%,"11:36 ET"
CXW,"Corecivic Inc",24.73,0.039999999999999,+0.16%,1685,4.9%,95.1%,"11:36 ET"
SJM,"J.M. Smucker Company",109.14,-1.03,-0.93%,1679,26.1%,73.9%,"11:36 ET"
ALK,"Alaska Air Group",68.66,0.50999999999999,+0.75%,1666,70.3%,29.7%,"11:36 ET"
FCAU,"Fiat Chrysler Automobiles N.V.",16.74,-0.15,-0.89%,1654,51.6%,48.4%,"11:36 ET"
WHR,"Whirlpool Corp",125.89,-0.56,-0.44%,1653,58.5%,41.5%,"11:35 ET"
GOOS,"Canada Goose Holdings Inc Subordinate Voting Sh",58.99,1.3,+2.25%,1652,70.3%,29.7%,"11:34 ET"
AXDX,"Accelerate Diagnosti",21.6,-0.099999999999998,-0.46%,1645,40.4%,59.6%,"11:23 ET"
VNOM,"Viper Energy LP",39.32,0.75,+1.94%,1644,61.4%,38.6%,"11:28 ET"
SNA,"Snap-On Inc",183.97,0.22,+0.12%,1640,83.8%,16.2%,"11:35 ET"
BTE,"Baytex Energy Corp",2.67,0.02,+0.75%,1639,73.0%,27.0%,"11:32 ET"
DVA,"Davita Healthcare Partners Inc",66.24,-1.15,-1.71%,1632,51.4%,48.6%,"11:36 ET"
KBH,"KB Home",24.92,0.19,+0.77%,1630,47.7%,52.3%,"11:36 ET"
IMGN,"Immunogen Inc",9.4,-0.07,-0.74%,1621,32.0%,68.0%,"11:33 ET"
SAIC,"Science Applications Internatio",79.97,-1.68,-2.06%,1621,57.3%,42.7%,"11:36 ET"
ITCI,"Intra-Cellular Ther",21.62,0.080000000000002,+0.37%,1618,5.9%,94.1%,"11:26 ET"
TSRO,"Tesaro Inc",35.13,-1.34,-3.67%,1617,73.1%,26.9%,"11:34 ET"
EXC,"Exelon Corp",44.28,-0.34,-0.76%,1595,94.1%,5.9%,"11:36 ET"
AEL,"American Equity Investment Life",35.76,-0.26000000000001,-0.72%,1590,5.7%,94.3%,"11:31 ET"
XRX,"Xerox Corp",27.04,-0.039999999999999,-0.15%,1588,88.3%,11.7%,"11:36 ET"
GLNG,"Golar Lng Ltd",25.91,0.48,+1.89%,1585,66.6%,33.4%,"11:34 ET"
ITW,"Illinois Tool Works Inc",141.49,-0.95999999999998,-0.67%,1584,53.9%,46.1%,"11:36 ET"
SNY,"Sanofi-Aventis S.A.",42.45,-0.19,-0.45%,1562,99.7%,0.3%,"11:36 ET"
CBL,"Cbl & Associates Properties",4.32,-0.06,-1.37%,1559,46.1%,53.9%,"11:32 ET"
TELL,"Tellurian Inc New",8.23,0.12,+1.48%,1558,86.6%,13.4%,"11:36 ET"
VC,"Visteon Corp",103.91,-2.1,-1.98%,1552,94.1%,5.9%,"11:29 ET"
CBOE,"CBOE Global Markets Inc",104.18,0.77000000000001,+0.74%,1551,67.6%,32.4%,"11:35 ET"
CC,"Chemours Company",41.02,-3.53,-7.92%,1540,67.0%,33.0%,"11:36 ET"
INTU,"Intuit Inc",224.53,-0.19,-0.08%,1524,74.9%,25.1%,"11:36 ET"
VRSN,"Verisign Inc",161.37,-0.19,-0.12%,1521,39.5%,60.5%,"11:36 ET"
AN,"Autonation Inc",43.86,-0.33,-0.75%,1519,56.3%,43.7%,"11:34 ET"
IVZ,"Invesco Plc",24.16,-0.19,-0.78%,1514,83.4%,16.6%,"11:35 ET"
AEO,"American Eagle Outfitters",24.98,-0.21,-0.83%,1508,63.3%,36.7%,"11:36 ET"
CAR,"Avis Budget Group I",32.05,-0.38,-1.17%,1500,75.7%,24.3%,"11:35 ET"
ZGNX,"Zogenix Inc",48.75,1.1,+2.31%,1499,69.0%,31.0%,"11:32 ET"
URBN,"Urban Outfitters Inc",45.04,1.08,+2.46%,1496,62.8%,37.2%,"11:36 ET"
AMGN,"Amgen Inc.",202.23,-0.27000000000001,-0.13%,1495,58.7%,41.3%,"11:36 ET"
IQ,"Iqiyi Inc. ADR",26.53,-0.41,-1.52%,1495,64.1%,35.9%,"11:36 ET"
TROW,"T Rowe Price Group",109.87,0.39,+0.36%,1490,30.8%,69.2%,"11:35 ET"
IPI,"Intrepid Potash Inc",3.35,-0.01,-0.44%,1478,99.9%,0.1%,"11:23 ET"
ICPT,"Intercept Pharmaceut",114.51,0.30000000000001,+0.26%,1477,57.8%,42.2%,"11:36 ET"
ACAD,"Acadia Pharmaceutica",13.43,-0.52,-3.73%,1472,58.8%,41.2%,"11:36 ET"
WWE,"World Wrestling Entertainment",86.67,-0.97,-1.11%,1470,39.9%,60.1%,"11:34 ET"
LCI,"Lannett Co Inc",5.6,-0.050000000000001,-0.88%,1465,22.9%,77.1%,"11:20 ET"
DATA,"Tableau Software Inc Class A",114.3,1.79,+1.59%,1465,73.4%,26.6%,"11:35 ET"
ASML,"Asml Hldg NY Reg",182.83,-2.84,-1.53%,1452,34.0%,66.0%,"11:35 ET"
CRTO,"Criteo S.A. Ads",22.82,-0.15,-0.65%,1452,41.8%,58.2%,"11:28 ET"
TROX,"Tronox Inc",14.38,-0.82,-5.39%,1449,79.8%,20.2%,"11:36 ET"
EFX,"Equifax Inc",134.2,-0.36000000000001,-0.27%,1448,58.4%,41.6%,"11:31 ET"
CDMO,"Avid Bioservices Inc.",7.29,0.12,+1.67%,1448,89.5%,10.5%,"11:36 ET"
SAGE,"Sage Therapeutic Com",153.89,0.32999999999998,+0.21%,1447,45.9%,54.1%,"11:33 ET"
ARRY,"Array Biopharma Inc",14.22,-0.18,-1.25%,1443,86.1%,13.9%,"11:35 ET"
MLM,"Martin Marietta Materials",191.47,0.93000000000001,+0.49%,1438,40.1%,59.9%,"11:36 ET"
AVP,"Avon Products",1.92,-0.02,-1.03%,1426,82.0%,18.0%,"11:36 ET"
VEEV,"Veeva Systems Inc",103.98,1.52,+1.48%,1420,51.5%,48.5%,"11:36 ET"
ESND,"Essendant Inc",12.71,-0.12,-0.94%,1407,5.5%,94.5%,"11:32 ET"
APO,"Apollo Global Management Llc C",33.83,-0.020000000000003,-0.06%,1402,89.6%,10.4%,"11:35 ET"
CHTR,"Charter Communicatio",312.05,1.78,+0.57%,1396,53.2%,46.8%,"11:36 ET"
ZIOP,"Ziopharm Oncology In",2.73,0.03,+1.11%,1383,98.4%,1.6%,"11:26 ET"
KEM,"Kemet Corp",20.55,-0.84,-3.93%,1382,44.1%,55.9%,"11:35 ET"
EAT,"Brinker International",46.32,0.32,+0.70%,1376,82.2%,17.8%,"11:36 ET"
EXEL,"Exelixis Inc",17.06,-1.74,-9.26%,1373,80.8%,19.2%,"11:36 ET"
TJX,"TJX Companies",110.39,-0.42,-0.38%,1364,66.2%,33.8%,"11:36 ET"
AMT,"American Tower Corp",147.1,-0.23000000000002,-0.16%,1359,60.1%,39.9%,"11:36 ET"
SWK,"Stanley Black & Decker Inc",141.95,-0.39000000000001,-0.27%,1358,62.0%,38.0%,"11:29 ET"
MAR,"Marriot Int Class A",127.43,-0.25,-0.20%,1355,45.4%,54.6%,"11:36 ET"
CRUS,"Cirrus Logic Inc",41.2,-1.07,-2.53%,1351,59.1%,40.9%,"11:34 ET"
XLNX,"Xilinx Inc",76.66,-0.28,-0.36%,1348,62.7%,37.3%,"11:34 ET"
THS,"Treehouse Foods",53.34,-0.93,-1.71%,1346,94.2%,5.8%,"11:35 ET"
CRK,"Comstock Resources",7.82,0.4,+5.39%,1345,40.9%,59.1%,"11:34 ET"
UN,"Unilever Nv",56.26,0.33,+0.59%,1342,54.5%,45.5%,"11:36 ET"
PG,"Procter & Gamble Company",82.21,-0.17,-0.21%,1325,39.2%,60.8%,"11:36 ET"
M,"Macy's Inc",36.07,0.090000000000003,+0.25%,1323,86.3%,13.7%,"11:36 ET"
SPHS,"Sophiris Bio",2.75,-0.12,-4.18%,1305,12.6%,87.4%,"11:25 ET"
TXMD,"Therapeuticsmd Inc",6.11,-0.14,-2.24%,1304,67.8%,32.2%,"11:36 ET"
TSCO,"Tractor Supply Co",91.15,1.21,+1.35%,1302,51.2%,48.8%,"11:36 ET"
ECL,"Ecolab Inc",154.43,0.59,+0.38%,1302,67.5%,32.5%,"11:31 ET"
EL,"Estee Lauder Companies",136.63,-1.92,-1.39%,1295,72.2%,27.8%,"11:36 ET"
VHC,"Virnetx Holding Corp",3.42,-0.03,-0.72%,1291,66.9%,33.1%,"11:19 ET"
WETF,"Wisdomtree Invstmnts",7.9,-0.069999999999999,-0.88%,1287,89.3%,10.7%,"11:36 ET"
INCY,"Incyte Corp",67.18,-1.22,-1.78%,1284,65.9%,34.1%,"11:36 ET"
CHEF,"The Chefs Warehouse",32.25,0.25,+0.78%,1284,99.8%,0.2%,"11:26 ET"
AXL,"American Axle & Manufacturing",18.16,0.010000000000002,+0.06%,1283,92.3%,7.7%,"11:34 ET"
GG,"Goldcorp Inc",10.09,0.02,+0.20%,1271,62.7%,37.3%,"11:36 ET"
FOSL,"Fossil Group",24.2,0.31,+1.30%,1269,59.2%,40.8%,"11:34 ET"
KO,"Coca-Cola Company",46.08,0.019999999999996,+0.04%,1258,55.3%,44.7%,"11:36 ET"
ZN,"Zion Oil & Gas Inc",1.24,-0.08,-6.06%,1254,51.8%,48.2%,"11:32 ET"
KORS,"Michael Kors Holdings Ltd",73.73,0.37,+0.50%,1245,63.0%,37.0%,"11:36 ET"
KGC,"Kinross Gold Corp",2.72,-0.02,-0.73%,1241,69.9%,30.1%,"11:36 ET"
KMB,"Kimberly-Clark Corp",115.45,-0.25,-0.22%,1236,65.0%,35.0%,"11:36 ET"
JBT,"John Bean Technologies Corp",117.6,-1.8,-1.51%,1236,94.7%,5.3%,"11:36 ET"
PFE,"Pfizer Inc",42.23,0.16999999999999,+0.40%,1234,94.0%,6.0%,"11:35 ET"
CALM,"Cal-Maine Foods In",50.45,-0.049999999999997,-0.10%,1230,69.7%,30.3%,"11:35 ET"
CHL,"China Mobile [Hong Kong] Ltd",48.48,0.29,+0.60%,1224,80.8%,19.2%,"11:34 ET"
CS,"Credit Suisse Group",14.86,0.02,+0.13%,1223,50.9%,49.1%,"11:29 ET"
SIX,"Six Flags Entertainment Corp",69.43,-1.19,-1.69%,1221,84.7%,15.3%,"11:35 ET"
USAT,"USA Technologies Inc",10.25,-5.05,-33.01%,1217,83.0%,17.0%,"11:36 ET"
BEN,"Franklin Resources",31.23,-0.02,-0.06%,1209,46.4%,53.6%,"11:36 ET"
AL,"Air Lease Corporation Class A C",45.2,-0.099999999999994,-0.22%,1209,88.5%,11.5%,"11:31 ET"
LFC,"China Life Insurance Company Ltd",10.58,-0.06,-0.56%,1197,19.0%,81.0%,"11:33 ET"
EPC,"Edgewell Personal Care",50.39,-0.48,-0.94%,1197,85.6%,14.4%,"11:33 ET"
TEAM,"Atlassian Cls A Ord",90,2.04,+2.32%,1197,65.5%,34.5%,"11:35 ET"
MNK,"Mallinckrodt Plc Ordinary Share",31.82,-1.18,-3.58%,1190,69.3%,30.7%,"11:36 ET"
DY,"Dycom Industries",82.4,-0.58999999999999,-0.71%,1189,92.8%,7.2%,"11:33 ET"
ALRM,Alarm.Com,56.88,-0.07,-0.12%,1185,57.0%,43.0%,"11:35 ET"
SIG,"Signet Jewelers Ltd",64.92,0.33,+0.51%,1179,42.5%,57.5%,"11:35 ET"
SGYP,"Synergy Pharma",1.68,0,0.00%,1176,92.1%,7.9%,"11:27 ET"
MED,"Medifast Inc",248.4,6.22,+2.57%,1171,19.9%,80.1%,"11:34 ET"
SYY,"Sysco Corp",75.1,0.059999999999988,+0.08%,1163,49.7%,50.3%,"11:36 ET"
BCO,"Brink's Company",71.35,-0.80000000000001,-1.11%,1159,87.2%,12.8%,"11:35 ET"
TOL,"Toll Brothers Inc",36.56,0.27,+0.74%,1156,53.3%,46.7%,"11:36 ET"
WM,"Waste Management",92.43,0.49000000000001,+0.53%,1155,54.7%,45.3%,"11:36 ET"
P,"Pandora Media Inc",9.31,-0.02,-0.21%,1154,97.6%,2.4%,"11:36 ET"
ERI,"Eldorado Resorts",46,0.049999999999997,+0.11%,1149,7.9%,92.1%,"11:31 ET"
IRM,"Iron Mountain Inc",35.47,-0.45,-1.25%,1145,83.4%,16.6%,"11:36 ET"
DHR,"Danaher Corp",104.96,-0.17,-0.16%,1139,61.5%,38.5%,"11:36 ET"
WSM,Williams-Sonoma,69.57,0.11999999999999,+0.17%,1128,50.2%,49.8%,"11:35 ET"
BPI,"Bridgepoint Education",10.71,-0.039999999999999,-0.37%,1126,95.5%,4.5%,"11:34 ET"
SSNC,"SS&C Technologies",55.37,0.43,+0.78%,1109,71.8%,28.2%,"11:36 ET"
NVS,"Novartis Ag",83.86,1.33,+1.61%,1109,76.4%,23.6%,"11:36 ET"
ZNGA,"Zynga Inc Cl A",3.96,-0.04,-1.00%,1107,40.9%,59.1%,"11:36 ET"
ACRX,"Acelrx Pharmaceutica",3.25,0,0.00%,1107,61.7%,38.3%,"11:25 ET"
AAXN,"Axon Inc",72.9,1.02,+1.42%,1089,71.0%,29.0%,"11:34 ET"
GWPH,"Gw Pharma ADR",140.31,-0.59999999999999,-0.43%,1085,34.2%,65.8%,"11:36 ET"
CGNX,"Cognex Cp",54.24,-0.079999999999998,-0.15%,1076,84.1%,15.9%,"11:36 ET"
CQP,"Cheniere Energy Partners LP",38.74,-0.1,-0.26%,1075,2.9%,97.1%,"11:30 ET"
CBRL,"Cracker Barrel",154.15,0.40000000000001,+0.26%,1072,27.1%,72.9%,"11:35 ET"
EGO,"Eldorado Gold Corp",0.83,-0.02,-2.35%,1071,37.8%,62.2%,"11:34 ET"
GOLD,"Randgold Res Ltd",60.57,-0.63,-1.03%,1062,56.9%,43.1%,"11:36 ET"
TPR,"Tapestry Inc",50.02,0.27,+0.54%,1059,66.7%,33.3%,"11:36 ET"
LSTR,"Landstar System",127.85,0.39999999999999,+0.31%,1054,84.3%,15.7%,"11:31 ET"
AAWW,"Atlas Air Ww",62.9,-0.6,-0.94%,1054,49.5%,50.5%,"11:34 ET"
CARG,"Cargurus Inc Class A",51.4,1.66,+3.34%,1053,93.5%,6.5%,"11:36 ET"
ABC,"Amerisourcebergen Corp",85.42,-2.91,-3.29%,1051,22.1%,77.9%,"11:35 ET"
HSBC,"HSBC Holdings Plc",42.79,-0.12,-0.28%,1051,58.5%,41.5%,"11:35 ET"
VGR,"Vector Group Ltd",15.59,-0.09,-0.57%,1028,10.3%,89.7%,"11:36 ET"
CTMX,"Cytomx Thera",19.95,-0.1,-0.50%,1024,1.0%,99.0%,"11:33 ET"
CWST,"Casella Waste Sys",32.93,-0.57,-1.70%,1023,98.3%,1.7%,"11:34 ET"
HAL,"Halliburton Company",36.53,-0.16,-0.44%,1022,57.9%,42.1%,"11:36 ET"
AXTA,"Axalta Coating Systems Ltd",29.27,0.13,+0.45%,1022,89.4%,10.6%,"11:36 ET"
EBIX,"Ebix Inc",79.15,-0.3,-0.38%,1020,27.1%,72.9%,"11:23 ET"
DRI,"Darden Restaurants",119.78,1.1,+0.93%,1018,60.2%,39.8%,"11:36 ET"
MTCH,"Match Group Inc CS",54.34,1.06,+1.99%,1017,91.5%,8.5%,"11:35 ET"
HUN,"Huntsman Corp",28.53,-0.37,-1.28%,1011,97.6%,2.4%,"11:36 ET"
ED,"Consolidated Edison Company of New York",80.61,0.069999999999993,+0.09%,1007,40.5%,59.5%,"11:36 ET"
GERN,"Geron Corp",6.05,-0.25,-3.97%,1006,69.2%,30.8%,"11:36 ET"
LYV,"Live Nation Entertainment",50.66,0.37,+0.74%,1005,26.3%,73.7%,"11:29 ET"
PLUG,"Plug Power Inc",1.74,-0.09,-4.92%,995,84.8%,15.2%,"11:36 ET"
TRUP,"Trupanion Inc",34.68,0.26,+0.76%,994,21.9%,78.1%,"11:33 ET"
NWSA,"News Cp Cl A Cmn ST",12.48,-0.14,-1.11%,987,100.0%,0.0%,"11:32 ET"
KR,"Kroger Company",31.76,0.010000000000002,+0.03%,985,25.6%,74.4%,"11:36 ET"
KNDI,"Kandi Techs Grp",3.83,-0.13,-3.16%,983,42.8%,57.2%,"11:17 ET"
ALDX,"Aldeyra Therapeu",8.05,-0.15,-1.83%,983,98.9%,1.1%,"11:11 ET"
NBL,"Noble Energy Inc",29.22,0.34,+1.18%,979,71.0%,29.0%,"11:36 ET"
AFMD,"Affimed N.V.",5.05,0.25,+5.21%,969,89.3%,10.7%,"11:29 ET"
JWN,Nordstrom,65.95,0.46000000000001,+0.70%,965,52.3%,47.7%,"11:36 ET"
WIFI,"Boingo Wireless Inc",33.59,0.22000000000001,+0.66%,960,95.0%,5.0%,"11:36 ET"
RMTI,"Rockwell Medical In",4.3,-0.13,-2.93%,957,83.5%,16.5%,"11:23 ET"
TXRH,"Texas Roadhouse Inc",73.89,0.36,+0.49%,953,16.4%,83.6%,"11:32 ET"
TK,"Teekay Shipping Corp",6.46,0.17,+2.70%,947,60.4%,39.6%,"11:29 ET"
CHU,"China Unicom [Hong Kong] Ltd",11.75,-0.050000000000001,-0.42%,945,86.9%,13.1%,"11:30 ET"
JBL,"Jabil Circuit",29.06,-0.4,-1.36%,944,49.4%,50.6%,"11:35 ET"
GPOR,"Gulfport Energy Corp",10.16,-0.07,-0.68%,941,85.8%,14.2%,"11:36 ET"
DISCA,"Discovery Comm A",28.6,0.3,+1.06%,940,43.3%,56.7%,"11:36 ET"
QRTEA,"Qurate Retail Group",20.82,-0.28,-1.33%,939,95.5%,4.5%,"11:33 ET"
ZTO,"Zto Express [Cayman] Inc",17.19,-0.31,-1.77%,931,44.9%,55.1%,"11:31 ET"
RHT,"Red Hat Inc",152.1,2.33,+1.56%,923,82.2%,17.8%,"11:36 ET"
MOV,"Movado Group Inc",44.8,-0.5,-1.10%,916,39.2%,60.8%,"11:23 ET"
NYT,"New York Times Company",21.9,-0.1,-0.45%,915,15.4%,84.6%,"11:25 ET"
SHAK,"Shake Shack Inc",58.21,-0.34,-0.58%,913,49.9%,50.1%,"11:34 ET"
TDOC,"Teladoc Health Inc.",77.8,0.64999999999999,+0.84%,913,66.6%,33.4%,"11:36 ET"
MBI,"MBIA Inc",10.51,-0.07,-0.66%,910,98.1%,1.9%,"11:34 ET"
CEO,"Cnooc Ltd",178.77,5.89,+3.41%,903,38.5%,61.5%,"11:31 ET"
ZUMZ,"Zumiez Inc",29.05,-0.35,-1.19%,899,23.0%,77.0%,"11:36 ET"
CYBR,"Cyberark Soft Ord",76.79,0.29000000000001,+0.38%,897,80.9%,19.1%,"11:28 ET"
DIN,"Dineequity Inc",85.22,1.23,+1.46%,895,30.7%,69.3%,"11:35 ET"
FFIV,"F5 Networks Inc",190.76,-0.56,-0.29%,892,47.1%,52.9%,"11:35 ET"
SUPN,"Supernus Pharm",48.7,0.85,+1.78%,890,68.9%,31.1%,"11:36 ET"
MUX,"Mcewen Mining Inc",1.92,-0.03,-1.54%,890,98.7%,1.3%,"11:34 ET"
PEP,"Pepsico Inc",113.4,-0.16999999999999,-0.15%,883,78.5%,21.5%,"11:36 ET"
GDEN,"Golden Entmt",23.95,0.36,+1.53%,882,40.9%,59.1%,"11:35 ET"
JNPR,"Juniper Networks",27.58,-0.050000000000001,-0.18%,881,63.5%,36.5%,"11:36 ET"
RCL,"Royal Caribbean Cruises Ltd",122.7,-1.22,-0.98%,878,26.0%,74.0%,"11:36 ET"
GME,"Gamestop Corp",16.58,0.58,+3.62%,877,94.4%,5.6%,"11:35 ET"
AKAO,"Achaogen Inc",4.78,-0.04,-0.83%,877,79.9%,20.1%,"11:36 ET"
WIX,"Wix.Com Ltd",113.4,1.75,+1.57%,874,54.9%,45.1%,"11:30 ET"
NBIX,"Neurocrine Bioscienc",119.71,1.17,+0.99%,872,67.0%,33.0%,"11:31 ET"
WY,"Weyerhaeuser Company",34.08,-0.030000000000001,-0.09%,867,61.1%,38.9%,"11:35 ET"
GNRC,"Generac Holdings Inc",59.68,0.85,+1.44%,862,96.3%,3.7%,"11:35 ET"
YRD,"Yirendai Ltd",17.23,-0.66,-3.69%,857,24.0%,76.0%,"11:31 ET"
AXTI,"Axt Inc",7.25,-0.1,-1.36%,852,98.7%,1.3%,"11:34 ET"
FBHS,"Fortune Brands Home & Security",55.22,0.27,+0.49%,846,27.8%,72.2%,"11:35 ET"
INSG,"Novatel Wireless",3.89,0.03,+0.78%,846,96.2%,3.8%,"11:32 ET"
GRMN,"Garmin Ltd",68.14,0.11,+0.16%,841,59.3%,40.7%,"11:33 ET"
DDS,Dillard's,75.81,0.61,+0.81%,841,32.6%,67.4%,"11:36 ET"
WERN,"Werner Enterprise",39.65,-1,-2.46%,839,85.7%,14.3%,"11:34 ET"
BIG,"Big Lots",43.63,-0.37,-0.84%,835,46.6%,53.4%,"11:35 ET"
PBYI,"Puma Biotechnology",47.25,-0.6,-1.25%,833,63.1%,36.9%,"11:34 ET"
IMMU,"Immunomedics Inc",24.68,-0.039999999999999,-0.16%,833,90.5%,9.5%,"11:36 ET"
ICHR,"Ichor Holdings Ltd.",22.01,-0.39,-1.74%,832,67.2%,32.8%,"11:34 ET"
ADAP,"Adaptimmune Ther Ads",10.98,0.12,+1.10%,831,84.8%,15.2%,"11:32 ET"
TGP,"Teekay Lng Partners LP",15,0,0.00%,815,66.9%,33.1%,"11:19 ET"
CTRL,"Control4 Corp",35.98,-0.040000000000006,-0.11%,815,85.5%,14.5%,"11:24 ET"
AYI,"Acuity Brands Inc",156.55,1.6,+1.03%,812,66.5%,33.5%,"11:30 ET"
BHGE,"Baker Hughes A Ge Co. Cl. A",32.43,0.5,+1.57%,808,73.1%,26.9%,"11:36 ET"
DSW,"DSW Inc",32.07,-0.13,-0.41%,806,47.3%,52.7%,"11:34 ET"
UVE,"Universal Insurance Holdings Inc",44.75,0.15,+0.34%,803,22.4%,77.6%,"11:30 ET"
CPG,"Crescent Pt Energy",5.51,0.069999999999999,+1.29%,797,54.3%,45.7%,"11:35 ET"
CCI,"Crown Castle International Corp",112.23,-0.39999999999999,-0.36%,796,57.7%,42.3%,"11:36 ET"
AHL,"Aspen Insurance Holdings",40.85,-0.1,-0.24%,795,19.9%,80.1%,"11:20 ET"
SRE,"Sempra Energy",117.07,-0.53,-0.45%,784,45.2%,54.8%,"11:36 ET"
USCR,"U S Concrete Inc",46.1,0.5,+1.10%,784,72.7%,27.3%,"11:31 ET"
GDDY,"Godaddy Inc",82.42,0.81,+0.99%,782,80.7%,19.3%,"11:35 ET"
KNOP,"Knot Offshore Partners LP",22.24,-0.21,-0.94%,780,67.4%,32.6%,"11:21 ET"
BOOT,"Boot Barn Holdings Inc",31.08,0.33,+1.07%,778,81.5%,18.5%,"11:35 ET"
CPRT,"Copart Inc",66.07,0.16,+0.24%,771,83.8%,16.2%,"11:36 ET"
ABMD,"Abiomed Inc",392.53,3.95,+1.02%,771,57.1%,42.9%,"11:30 ET"
BDSI,"Biodelivery Sci Intl",2.88,0.03,+1.05%,770,100.0%,0.0%,"11:21 ET"
WPX,"Wpx Energy Inc",17.81,0.52,+3.01%,767,84.2%,15.8%,"11:36 ET"
JCI,"Johnson Controls Intl",37.72,-0.68,-1.77%,767,56.2%,43.8%,"11:36 ET"
EGAN,"Egain Corp",8.05,-0.049999999999999,-0.62%,767,79.4%,20.6%,"11:30 ET"
SVU,"Supervalu Inc",32.29,0.049999999999997,+0.16%,765,98.3%,1.7%,"11:31 ET"
SSYS,"Stratasys Ltd",22.95,-0.19,-0.82%,760,62.2%,37.8%,"11:20 ET"
BDX,"Becton Dickinson and Company",254.17,-0.40000000000001,-0.16%,757,38.0%,62.0%,"11:36 ET"
RVLT,"Revolution Lgt Tc",2.98,0,0.00%,755,7.3%,92.7%,"11:21 ET"
SHW,"Sherwin-Williams Company",464.83,-2.18,-0.47%,753,38.4%,61.6%,"11:35 ET"
GPS,"Gap Inc",28.64,-0.26,-0.90%,749,79.2%,20.8%,"11:36 ET"
ALKS,"Alkermes Plc",40.03,-0.060000000000002,-0.15%,745,56.6%,43.4%,"11:36 ET"
CAH,"Cardinal Health",52.21,-0.67,-1.27%,741,59.2%,40.8%,"11:35 ET"
WATT,"Energous Corp",11.52,0.049999999999999,+0.44%,741,63.0%,37.0%,"11:34 ET"
EXPR,"Express Inc",10.49,-0.029999999999999,-0.29%,736,32.5%,67.5%,"11:34 ET"
PLNT,"Planet Fitness",50.62,-0.13,-0.26%,736,76.5%,23.5%,"11:31 ET"
SAM,"Boston Beer Company",318.8,5.1,+1.63%,734,46.5%,53.5%,"11:30 ET"
MHLD,"Maiden Holdings Ltd",2.25,-0.3,-11.76%,733,33.0%,67.0%,"11:34 ET"
TS,"Tenaris S.A.",31.26,0.42,+1.36%,732,7.2%,92.8%,"11:36 ET"
AGEN,"Agenus Inc",1.93,-0.05,-2.53%,732,90.2%,9.8%,"11:28 ET"
RH,"Restoration Hardware Holdings",123.06,-2.94,-2.33%,730,94.4%,5.6%,"11:35 ET"
CNQ,"Canadian Natural Resources",31.86,-0.56,-1.73%,730,51.2%,48.8%,"11:36 ET"
SRNE,"Sorrento Therpt",5.45,-0.05,-0.91%,723,84.2%,15.8%,"11:23 ET"
TVPT,"Travelport Worldwide Ltd",17.77,-0.12,-0.67%,722,99.0%,1.0%,"11:36 ET"
BFR,"Bbva Banco Frances S.A.",8.2,-0.54,-6.18%,717,64.2%,35.8%,"11:30 ET"
BLL,"Ball Corp",42.55,-0.63,-1.46%,717,69.3%,30.7%,"11:36 ET"
CNC,"Centene Corp",144.12,0.69,+0.48%,716,52.9%,47.1%,"11:36 ET"
ALDR,"Alder Biopharma",17.7,-0.029999999999998,-0.17%,716,6.0%,94.0%,"11:34 ET"
GWRE,"Guidewire Software Inc",100.39,2.17,+2.21%,715,46.6%,53.4%,"11:33 ET"
STLD,"Steel Dynamics Inc",45.99,-0.2,-0.43%,711,30.2%,69.8%,"11:36 ET"
GLW,"Corning Inc",33.72,-0.25,-0.74%,706,97.5%,2.5%,"11:36 ET"
BLCM,"Bellicum Pharma Comm",6.07,-0.09,-1.46%,705,91.1%,8.9%,"11:33 ET"
YRCW,"YRC Worldwide",9.37,-0.17,-1.78%,702,93.7%,6.3%,"11:33 ET"
MOH,"Molina Healthcare Inc",143.18,2.74,+1.95%,702,17.1%,82.9%,"11:35 ET"
JACK,"Jack In The Box Inc",85.95,0.72,+0.84%,702,28.3%,71.7%,"11:36 ET"
EPAY,"Bottomline Tech In",68.18,0.45,+0.66%,702,93.6%,6.4%,"11:34 ET"
SALT,"Scorpio Bulkers Inc",6.9,0,0.00%,701,100.0%,0.0%,"11:21 ET"
KEX,"Kirby Corp",77.25,-0.3,-0.39%,697,52.8%,47.2%,"11:32 ET"
FBP,"First Bancorp",8.55,0.17,+2.03%,697,89.1%,10.9%,"11:34 ET"
AGO,"Assured Guaranty Ltd",40.85,0.35,+0.86%,696,45.1%,54.9%,"11:35 ET"
FGEN,"Fibrogen Inc CS",58.8,0.2,+0.34%,695,65.0%,35.0%,"11:34 ET"
SPG,"Simon Property Group",184.79,2.7,+1.48%,693,48.9%,51.1%,"11:36 ET"
BPL,"Buckeye Partners LP",37.08,-0.11,-0.30%,692,71.0%,29.0%,"11:33 ET"
BGS,"B&G Foods Holdings",31.75,-0.2,-0.63%,692,92.8%,7.2%,"11:33 ET"
CARA,"Cara Therapeutics",20.16,-0.02,-0.10%,692,84.2%,15.8%,"11:36 ET"
MZOR,"Mazor Robotics Ads",48.54,0.19,+0.39%,692,66.9%,33.1%,"11:25 ET"
NCLH,"Norwegian Cruise Ord",53.14,-0.28,-0.52%,691,37.9%,62.1%,"11:35 ET"
RETA,"Reata Pharma Cla",82.98,-0.31999999999999,-0.38%,691,24.0%,76.0%,"11:29 ET"
FIS,"Fidelity National Information Services",108.59,-0.13,-0.12%,688,79.5%,20.5%,"11:34 ET"
GPRE,"Green Plains Inc",17,-0.1,-0.58%,687,96.1%,3.9%,"11:23 ET"
EMR,"Emerson Electric Company",76.34,0.070000000000007,+0.09%,686,73.9%,26.1%,"11:34 ET"
BMRN,"Biomarin Pharmaceut",97.17,-0.34,-0.35%,686,13.0%,87.0%,"11:32 ET"
DQ,"Daqo New Energy",32.01,0.73,+2.33%,683,16.5%,83.5%,"11:21 ET"
FLWS,1-800-Flowers.Com,11.85,0.15,+1.28%,681,89.4%,10.6%,"11:22 ET"
MLCO,"Melco Resorts & Entertainment",19.55,-0.74,-3.65%,678,37.0%,63.0%,"11:36 ET"
CE,"Celanese Corp",114.25,-0.069999999999993,-0.06%,677,86.3%,13.7%,"11:35 ET"
DECK,"Deckers Outdoor Corp",117.83,-0.91,-0.77%,673,74.9%,25.1%,"11:23 ET"
DPZ,"Domino's Pizza Inc",289.8,-3.98,-1.35%,673,53.5%,46.5%,"11:36 ET"
BBL,"Bhp Billiton Plc",39.07,-0.18,-0.46%,673,75.3%,24.7%,"11:35 ET"
XEC,"Cimarex Energy Co",85.47,0.92999999999999,+1.10%,672,69.6%,30.4%,"11:34 ET"
MA,"Mastercard Inc",211.86,0.19000000000003,+0.09%,662,57.7%,42.3%,"11:36 ET"
PVAC,"Penn Va Corp",75.68,2.24,+3.05%,660,43.6%,56.4%,"11:31 ET"
DNKN,"Dunkin' Brands Group",76.29,-0.019999999999996,-0.03%,659,69.8%,30.2%,"11:36 ET"
CLNE,"Clean Energy Fuels",2.67,-0.02,-0.74%,655,93.7%,6.3%,"11:34 ET"
INVA,"Innoviva Inc",14.61,0.08,+0.55%,654,79.2%,20.8%,"11:32 ET"
ENB,"Enbridge Inc",33.83,0.079999999999998,+0.24%,651,65.6%,34.4%,"11:36 ET"
CP,"Canadian Pacific Railway",208.99,4.05,+1.98%,651,22.0%,78.0%,"11:36 ET"
STMP,"Stamps.Com Inc",241.65,0.80000000000001,+0.33%,649,38.5%,61.5%,"11:36 ET"
SCCO,"Southern Peru Copper Corp",39.78,-0.26,-0.65%,649,64.4%,35.6%,"11:34 ET"
ALLY,"Ally Financial",26.67,-0.049999999999997,-0.19%,647,51.0%,49.0%,"11:35 ET"
MAS,"Masco Corp",37.92,0.090000000000003,+0.24%,646,12.1%,87.9%,"11:36 ET"
CMA,"Comerica Inc",98.21,1.08,+1.11%,645,39.7%,60.3%,"11:36 ET"
COO,"Cooper Companies",261.27,1.29,+0.50%,643,68.4%,31.6%,"11:35 ET"
STWD,"Starwood Property Trust",22.44,0.029999999999998,+0.13%,642,92.2%,7.8%,"11:35 ET"
CRI,"Carter's Inc",96.05,-0.78,-0.81%,642,79.0%,21.0%,"11:35 ET"
EQT,"Eqt Corp",45.78,-0.19,-0.41%,638,25.7%,74.3%,"11:36 ET"
PCAR,"Paccar Inc",69.18,-0.80999999999999,-1.16%,636,64.6%,35.4%,"11:36 ET"
PANW,"Palo Alto Networks Inc",234.07,-2.05,-0.87%,635,81.3%,18.7%,"11:36 ET"
MS,"Morgan Stanley",47.69,-0.25,-0.52%,634,44.2%,55.8%,"11:35 ET"
WGO,"Winnebago Industries",37.65,-1.6,-4.08%,633,70.3%,29.7%,"11:26 ET"
AYX,"Alteryx Inc",61.28,-0.049999999999997,-0.08%,631,82.1%,17.9%,"11:34 ET"
MDR,"McDermott International",17.74,-0.07,-0.39%,629,64.7%,35.3%,"11:36 ET"
DK,"Delek US Holdings",48.22,-0.46,-0.94%,627,73.7%,26.3%,"11:35 ET"
TREX,"Trex Company",88.93,-0.22,-0.25%,626,54.6%,45.4%,"11:33 ET"
XNET,"Xunlei Limited ADR",8.65,-0.16,-1.82%,625,24.2%,75.8%,"11:32 ET"
NAK,"Northern Dynasty Minerals",0.54,0,0.00%,624,95.7%,4.3%,"11:21 ET"
MSB,"Mesabi Trust",27.3,-0.15,-0.55%,624,44.9%,55.1%,"11:19 ET"
APU,"Amerigas Partners LP",39.75,0.15,+0.38%,618,5.7%,94.3%,"11:21 ET"
PM,"Philip Morris International Inc",77.42,-0.95999999999999,-1.22%,614,37.5%,62.5%,"11:36 ET"
ZEN,"Zendesk Inc",70.69,0.73999999999999,+1.06%,614,46.9%,53.1%,"11:36 ET"
ATUS,"Altice USA Inc Class A",18.44,0.040000000000003,+0.22%,613,86.9%,13.1%,"11:36 ET"
SOHU,"Sohu.Com Inc",19.78,-0.22,-1.10%,611,13.3%,86.7%,"11:36 ET"
SENS,"Senseonics Holdings",4.48,-0.14,-3.03%,611,91.5%,8.5%,"11:29 ET"
ZTS,"Zoetis Inc Class A",88.1,-0.77000000000001,-0.87%,609,68.0%,32.0%,"11:36 ET"
SPGI,"S&P Global Inc",208.45,0.19999999999999,+0.10%,608,94.1%,5.9%,"11:36 ET"
CNX,"CNX Resources Corp",14.29,-0.77,-5.11%,607,52.9%,47.1%,"11:36 ET"
EGC,"Energy Xxi Gulf Coast Inc",8.73,0.21,+2.46%,605,100.0%,0.0%,"11:21 ET"
WRD,"Wildhorse Resour",19.39,0.25,+1.31%,603,48.3%,51.7%,"11:36 ET"
REGI,"Renewable Energy",26.75,0.02,+0.07%,601,61.2%,38.8%,"11:34 ET"
CX,"Cemex S.A.B. De C.V.",6.79,-0.04,-0.59%,599,92.5%,7.5%,"11:34 ET"
ARNA,"Arena Pharmaceutical",40.03,0.2,+0.50%,596,46.5%,53.5%,"11:36 ET"
SAVE,"Spirit Airlines Inc",48.4,0.13,+0.27%,594,69.2%,30.8%,"11:35 ET"
RYAM,"Rayonier Advanced Materials Inc",21.31,0.15,+0.71%,594,52.9%,47.1%,"11:36 ET"
PSTG,"Pure Storage Inc",28.89,0.39,+1.37%,587,62.9%,37.1%,"11:36 ET"
XON,"Intrexon Corp",14.37,0.26,+1.84%,586,79.0%,21.0%,"11:33 ET"
RDUS,"Radius Health",18.97,0.18,+0.96%,586,57.8%,42.2%,"11:36 ET"
APTV,"Aptiv Plc",84.56,-0.95999999999999,-1.12%,586,50.9%,49.1%,"11:36 ET"
KBR,"KBR Inc",20.03,-0.18,-0.89%,585,82.4%,17.6%,"11:35 ET"
NMIH,"Nmi Holdings Cmn A",23.15,-0.1,-0.43%,585,94.7%,5.3%,"11:35 ET"
AAP,"Advance Auto Parts Inc",167.82,0.88999999999999,+0.53%,583,33.1%,66.9%,"11:36 ET"
NEE,"Nextera Energy",172.85,0.81999999999999,+0.48%,582,59.8%,40.2%,"11:36 ET"
NANO,"Nanometrics Inc",38.01,-0.86,-2.21%,578,77.7%,22.3%,"11:35 ET"
ATI,"Allegheny Technologies Inc",25.01,-0.17,-0.68%,573,53.9%,46.1%,"11:35 ET"
DPW,"Digital Power Corp",0.45,-0.02,-4.26%,572,100.0%,0.0%,"11:35 ET"
ACHC,"Acadia Healthcr Co",37.49,-0.47,-1.24%,570,54.6%,45.4%,"11:35 ET"
UCTT,"Ultra Clean Holdings",13.75,-0.15,-1.08%,569,74.3%,25.7%,"11:30 ET"
MTG,"Mgic Investment Corp",13.02,-0.0099999999999998,-0.08%,566,78.6%,21.4%,"11:36 ET"
LNC,"Lincoln National Corp",64.65,-0.22,-0.34%,564,70.7%,29.3%,"11:36 ET"
VSH,"Vishay Intertechnology",21.65,-0.2,-0.92%,563,32.3%,67.7%,"11:29 ET"
ESIO,"Electro Sci Inds",17.79,-0.2,-1.11%,563,67.3%,32.7%,"11:36 ET"
STT,"State Street Corp",86.94,-0.16,-0.18%,561,48.0%,52.0%,"11:34 ET"
VECO,"Veeco Instrument",10.7,-0.12,-1.11%,559,13.6%,86.4%,"11:36 ET"
ODFL,"Old Dominion Freig",168.84,1.26,+0.75%,558,26.2%,73.8%,"11:36 ET"
SAIL,"Sailpoint Technologies Holdings Inc",32.68,0.34,+1.05%,557,96.6%,3.4%,"11:36 ET"
PAAS,"Pan Amer Silver Corp",14.34,-0.040000000000001,-0.28%,550,14.9%,85.1%,"11:36 ET"
HTZ,"Hertz Global Holdings Inc",18.65,-0.09,-0.48%,549,80.1%,19.9%,"11:36 ET"
LEA,"Lear Corp",158.45,-1.08,-0.68%,545,50.5%,49.5%,"11:34 ET"
RRC,"Range Resources Corp",14.57,0.0099999999999998,+0.07%,544,77.8%,22.2%,"11:36 ET"
TRCO,"Tribune Media Corp",37.03,0.07,+0.19%,541,94.6%,5.4%,"11:31 ET"
CPA,"Copa Holdings S.A.",75.99,-1.96,-2.51%,539,17.8%,82.2%,"11:35 ET"
CAG,"Conagra Brands Inc",36.57,-0.049999999999997,-0.14%,538,93.7%,6.3%,"11:36 ET"
ASGN,"On Assignment",84.73,-0.95999999999999,-1.12%,538,37.5%,62.5%,"11:35 ET"
HQY,Healthequity,97.16,0.56999999999999,+0.59%,538,67.1%,32.9%,"11:31 ET"
CA,"CA Inc",43.94,0.030000000000001,+0.07%,536,15.5%,84.5%,"11:36 ET"
ARCB,"Arcbest Corp",51,0.2,+0.39%,533,93.6%,6.4%,"11:27 ET"
PTEN,"Patterson-Uti Energy",16.51,0.33,+2.04%,526,20.9%,79.1%,"11:36 ET"
RESI,"Altisource Residential Corporat",10.88,-0.11,-1.00%,525,84.4%,15.6%,"11:26 ET"
SAFM,"Sanderson Farms In",105.72,0.20999999999999,+0.20%,521,18.6%,81.4%,"11:36 ET"
DOV,"Dover Corp",87.04,1.51,+1.77%,519,38.9%,61.1%,"11:35 ET"
SQM,"Sociedad Quimica Y Minera S.A.",42.98,-0.07,-0.16%,514,63.2%,36.8%,"11:34 ET"
SIEN,"Sientra Inc",24.98,-0.18,-0.72%,514,90.9%,9.1%,"11:23 ET"
TLYS,"Tilly's Inc",19.57,0.080000000000002,+0.41%,513,60.2%,39.8%,"11:35 ET"
SMG,"Scotts Miracle-Gro Company",77.32,0.44,+0.57%,511,63.8%,36.2%,"11:36 ET"
MDC,"M.D.C. Holdings",31.53,0.23,+0.73%,511,2.7%,97.3%,"11:33 ET"
BKE,"Buckle Inc",22.8,-0.099999999999998,-0.44%,511,75.7%,24.3%,"11:34 ET"
DCI,"Donaldson Company",56.97,-0.22,-0.38%,510,45.5%,54.5%,"11:34 ET"
BCC,"Boise Cascade L.L.C.",43.4,-0.049999999999997,-0.12%,509,73.7%,26.3%,"11:27 ET"
ACIA,"Acacia Communica",40.01,-0.4,-0.99%,508,37.4%,62.6%,"11:35 ET"
WIN,"Windstream Hldgs Inc",3.96,0.07,+1.80%,506,88.7%,11.3%,"11:35 ET"
SPR,"Spirit Aerosystems Holdings",85.71,0.27999999999999,+0.33%,505,79.4%,20.6%,"11:34 ET"
AT,"Atlantic Power Corp",2.12,-0.03,-1.40%,505,1.0%,99.0%,"11:36 ET"
WMGI,"Wright Med Grp Nv",28.14,-0.079999999999998,-0.28%,504,1.0%,99.0%,"11:34 ET"
BRKS,"Brooks Automation",35.63,-0.23,-0.64%,503,24.1%,75.9%,"11:34 ET"
FSLR,"First Solar Inc",48.34,0.18000000000001,+0.37%,501,49.1%,50.9%,"11:36 ET"
TUP,"Tupperware Corp",31.82,-0.02,-0.06%,498,40.6%,59.4%,"11:34 ET"
MDXG,"Mimedx Group Inc",5.29,-0.02,-0.38%,498,40.6%,59.4%,"11:34 ET"
GLUU,"Glu Mobile Inc",7.41,0.05,+0.68%,497,69.2%,30.8%,"11:36 ET"
APH,"Amphenol Corp",96.3,-0.019999999999996,-0.02%,495,63.0%,37.0%,"11:35 ET"
HRI,"Herc Holdings Inc",51.77,1.14,+2.25%,495,92.3%,7.7%,"11:35 ET"
TER,"Teradyne Inc",38.75,-0.7,-1.77%,494,73.7%,26.3%,"11:36 ET"
BR,"Broadridge Financial Solutions Llc",137.09,0.25999999999999,+0.19%,491,31.6%,68.4%,"11:30 ET"
CHS,"Chico's Fas",8.77,-0.050000000000001,-0.57%,486,50.6%,49.4%,"11:35 ET"
QUOT,"Quotient Technology Inc",15.65,0.050000000000001,+0.32%,485,52.0%,48.0%,"11:32 ET"
SNBR,"Sleep Number Corporation",36.82,0.59,+1.63%,484,50.2%,49.8%,"11:35 ET"
MKC,"Mccormick & Company Inc",130.59,-0.91999999999999,-0.70%,482,56.4%,43.6%,"11:36 ET"
MFC,"Manulife Financial Corp",17.63,-0.09,-0.51%,478,47.1%,52.9%,"11:35 ET"
PDCO,"Patterson Companies",23.53,-0.29,-1.22%,475,86.1%,13.9%,"11:33 ET"
VTR,"Ventas Inc",59.15,-0.13,-0.22%,473,44.8%,55.2%,"11:35 ET"
BPT,"BP Prudhoe Bay Royalty Trust",31.25,0.45,+1.46%,472,45.3%,54.7%,"11:32 ET"
ERJ,"Embraer-Empresa Brasileira De Aeronautica",19.15,-0.28,-1.44%,471,50.7%,49.3%,"11:35 ET"
AEP,"American Electric Power Company",73.41,0.0099999999999909,+0.01%,469,66.5%,33.5%,"11:36 ET"
UBS,"UBS Group Ag",15.48,-0.059999999999999,-0.39%,468,7.9%,92.1%,"11:36 ET"
NFX,"Newfield Exploration Company",26.51,0.11,+0.42%,467,44.8%,55.2%,"11:34 ET"
TECD,"Tech Data Cp",74.24,-0.53,-0.71%,466,86.1%,13.9%,"11:29 ET"
BTI,"British American Tobacco Industries",46.16,-1.19,-2.51%,466,57.9%,42.1%,"11:35 ET"
UIS,"Unisys Corp",19.8,0.2,+1.02%,464,77.6%,22.4%,"11:34 ET"
MBT,"Mobile Telesystems",7.39,0.04,+0.54%,462,33.3%,66.7%,"11:36 ET"
MXIM,"Maxim Integrated",60.02,0.78,+1.32%,460,59.3%,40.7%,"11:36 ET"
FFIN,"First Finl Bkshs Inc",61.45,0.15000000000001,+0.24%,460,100.0%,0.0%,"11:34 ET"
WCG,"Wellcare Group",309.75,0.92000000000002,+0.30%,459,53.4%,46.6%,"11:27 ET"
TRTN,"Triton International Ltd",37.88,0.25,+0.66%,459,81.0%,19.0%,"11:34 ET"
MHK,"Mohawk Industries",189.63,-0.14000000000001,-0.07%,458,69.7%,30.3%,"11:36 ET"
TOT,"Totalfinaelf S.A.",61.39,1.39,+2.32%,457,47.5%,52.5%,"11:36 ET"
CBPO,"China Biologic Produ",81.85,-0.33000000000001,-0.40%,455,31.2%,68.8%,"11:29 ET"
BMA,"Banco Macro S.A.",39.97,-2.01,-4.79%,452,49.6%,50.4%,"11:20 ET"
SKT,"Tanger Factory Outlet Centers",23.15,-0.020000000000003,-0.09%,451,48.6%,51.4%,"11:35 ET"
AQMS,"Aqua Metals Inc",2.75,-0.04,-1.43%,451,90.5%,9.5%,"11:35 ET"
PVG,"Pretium Res Inc",7.22,-0.1,-1.37%,450,9.6%,90.4%,"11:35 ET"
ASNA,"Ascena Retail Grp",4.39,-0.050000000000001,-1.13%,449,98.4%,1.6%,"11:35 ET"
SWCH,"Switch Inc",10.83,-0.07,-0.64%,447,87.7%,12.3%,"11:32 ET"
BEAT,"Biotelemetry Inc",61.4,0.049999999999997,+0.08%,446,52.9%,47.1%,"11:21 ET"
SRCL,"Stericycle Inc",61.24,-0.68,-1.10%,445,13.0%,87.0%,"11:34 ET"
CACI,"Caci International",194.65,0.050000000000011,+0.03%,443,10.2%,89.8%,"11:34 ET"
CARS,"Cars.Com Inc",26.08,-0.72,-2.69%,442,100.0%,0.0%,"11:34 ET"
AYR,"Aircastle Ltd",20.49,0.09,+0.44%,441,9.3%,90.7%,"11:35 ET"
ZBRA,"Zebra Technologies",170.66,0.60999999999999,+0.36%,440,42.7%,57.3%,"11:35 ET"
SYK,"Stryker Corp",171.44,1.05,+0.62%,439,57.4%,42.6%,"11:36 ET"
LULU,"Lululemon Athletica",153.21,-0.90000000000001,-0.58%,439,76.3%,23.7%,"11:36 ET"
TD,"Toronto Dominion Bank",60.35,0.009999999999998,+0.02%,438,51.6%,48.4%,"11:36 ET"
CLVS,"Clovis Oncology Inc",34.71,-0.6,-1.70%,438,69.9%,30.1%,"11:31 ET"
LEE,"Lee Enterprises Inc",2.72,0.07,+2.64%,437,100.0%,0.0%,"11:19 ET"
BHF,"Brighthouse Financial Inc",40.27,0.27,+0.68%,437,78.9%,21.1%,"11:36 ET"
LEG,"Leggett & Platt Inc",46.22,0.049999999999997,+0.11%,431,27.6%,72.4%,"11:35 ET"
FCEL,"Fuelcell Energy Inc",1.06,0,0.00%,431,88.9%,11.1%,"11:21 ET"
NTLA,"Intellia Thera CS",28.32,1.34,+4.97%,431,48.5%,51.5%,"11:27 ET"
NAT,"Nordic American Tanker Shipping Ltd",2.09,-0.03,-1.42%,430,43.7%,56.3%,"11:21 ET"
TSS,"Total System Services",98.98,0.10000000000001,+0.10%,428,48.1%,51.9%,"11:35 ET"
IMAX,"Imax Corp",24.25,0.050000000000001,+0.21%,428,88.8%,11.2%,"11:33 ET"
HBI,"Hanesbrands Inc",17.71,-0.059999999999999,-0.34%,428,84.6%,15.4%,"11:36 ET"
SD,"Sandridge Energy Inc",11.73,-2.57,-17.97%,427,57.8%,42.2%,"11:34 ET"
KAR,"Kar Auction Services Inc",63.5,-0.24,-0.38%,427,100.0%,0.0%,"11:36 ET"
XXII,"22nd Century Group Inc",2.76,-0.01,-0.36%,427,82.0%,18.0%,"11:36 ET"
FRPT,"Freshpet Inc CS",35.75,0.049999999999997,+0.14%,427,60.0%,40.0%,"11:34 ET"
SYNA,"Synaptics Inc",45.59,-0.44,-0.96%,424,34.4%,65.6%,"11:31 ET"
ERIC,"Ericsson ADR",8.53,-0.0099999999999998,-0.12%,421,96.2%,3.8%,"11:35 ET"
LE,"Lands' End Inc",19.1,0.1,+0.53%,421,93.8%,6.2%,"11:30 ET"
TRVN,"Trevena Inc",1.66,-0.05,-2.92%,420,93.1%,6.9%,"11:21 ET"
MIC,"Macquarie Infrastructure Company Trust",46.52,0.020000000000003,+0.04%,419,74.0%,26.0%,"11:34 ET"
PETQ,"Petiq Inc Class A",40.38,1.28,+3.27%,418,46.2%,53.8%,"11:36 ET"
XL,"XL Company Switzerland Gmbh",57.58,0.58,+1.02%,415,36.4%,63.6%,"11:36 ET"
EPAM,"Epam Systems Inc",138.05,0.73000000000002,+0.53%,413,95.4%,4.6%,"11:32 ET"
TRP,"Transcananda Pipelines",42.06,0.2,+0.48%,412,93.7%,6.3%,"11:33 ET"
SOGO,"Sogou Inc",7.41,-0.16,-2.11%,411,32.1%,67.9%,"11:36 ET"
UNFI,"United Nat Foods I",34.03,-0.060000000000002,-0.18%,410,89.5%,10.5%,"11:36 ET"
CVNA,"Carvana Co. Class A",68.03,-0.25,-0.37%,410,60.7%,39.3%,"11:36 ET"
TRST,"Trustco Bank Corp NY",9.12,0.02,+0.22%,406,100.0%,0.0%,"11:21 ET"
ORBC,"Orbcomm Inc",10.88,-0.0099999999999998,-0.09%,406,75.4%,24.6%,"11:35 ET"
TWO,"Two Harbors Investments Corp",15.78,-0.0099999999999998,-0.06%,405,38.3%,61.7%,"11:36 ET"
DXC,"Dxc Technology Company",89.97,0.2,+0.22%,405,71.6%,28.4%,"11:36 ET"
MYGN,"Myriad Genetics Inc",45.99,-0.75,-1.60%,403,67.0%,33.0%,"11:33 ET"
BOFI,"Bofi Holding Inc",36.28,-0.35,-0.96%,401,71.1%,28.9%,"11:33 ET"
CRZO,"Carrizo Oil & Gas",23.65,0.44,+1.90%,400,77.5%,22.5%,"11:36 ET"
CIO,"City Office REIT Inc",12.6,0.02,+0.16%,400,1.3%,98.8%,"11:33 ET"
DNB,"Dun & Bradstreet Corp",142.37,-0.12,-0.08%,398,95.2%,4.8%,"11:30 ET"
SNPS,"Synopsys Inc",102.41,-0.18000000000001,-0.18%,395,72.7%,27.3%,"11:36 ET"
LPI,"Laredo Petroleum Holdings Inc",7.76,0.069999999999999,+0.91%,395,86.3%,13.7%,"11:36 ET"
ABEO,"Abeona Therapeutics",13.75,0.25,+1.85%,395,81.8%,18.2%,"11:25 ET"
AGCO,"Agco Corp",60.35,-0.29,-0.48%,394,69.5%,30.5%,"11:34 ET"
DLTH,"Duluth Hldg Cl B",32.43,-0.07,-0.22%,392,31.1%,68.9%,"11:35 ET"
HON,"Honeywell International Inc",163.1,-0.27000000000001,-0.17%,390,82.8%,17.2%,"11:36 ET"
CACC,"Credit Acceptance",443.42,-1.06,-0.24%,387,14.5%,85.5%,"11:22 ET"
GIII,"G-III Apparel Gp I",45.67,1.15,+2.58%,386,47.7%,52.3%,"11:36 ET"
ZION,"Zions Bancorporation",53.28,0.35,+0.66%,384,71.4%,28.6%,"11:36 ET"
EQIX,"Equinix Inc",431.98,-2.04,-0.47%,384,58.9%,41.1%,"11:36 ET"
TEO,"Telecom Argentina Stet - France Telecom S.A.",16.69,-0.32,-1.88%,383,13.8%,86.2%,"11:35 ET"
DBD,"Diebold Nixdorf Inc",4.85,-0.050000000000001,-1.02%,382,65.2%,34.8%,"11:36 ET"
INGN,"Inogen Inc",272.32,4.6,+1.72%,381,45.4%,54.6%,"11:36 ET"
BOLD,"Audentes Therapeutics Inc",35.38,-0.34999999999999,-0.98%,379,58.3%,41.7%,"11:24 ET"
CJ,"C&J Energy Services Inc",19.37,-0.060000000000002,-0.31%,378,89.9%,10.1%,"11:36 ET"
ORLY,"O'Reilly Automotive",348.85,2.96,+0.86%,377,61.5%,38.5%,"11:34 ET"
EMN,"Eastman Chemical Company",96.62,-0.3,-0.31%,377,38.7%,61.3%,"11:33 ET"
TXT,"Textron Inc",69.8,-0.060000000000002,-0.09%,376,80.6%,19.4%,"11:36 ET"
NUAN,"Nuance Communicatns",16.47,0.02,+0.12%,374,81.8%,18.2%,"11:33 ET"
WPRT,"Westport Fuel Systems Inc",3.23,-0.02,-0.62%,373,61.7%,38.3%,"11:29 ET"
KIM,"Kimco Realty Corp",17.32,-0.07,-0.40%,373,59.0%,41.0%,"11:35 ET"
BC,"Brunswick Corp",68.51,0.21000000000001,+0.31%,372,98.7%,1.3%,"11:33 ET"
AEIS,"Advanced Energy",54.51,-1.14,-2.05%,372,81.2%,18.8%,"11:28 ET"
LIVN,"Livanova Plc Or Sh",126.68,1.17,+0.93%,369,4.1%,95.9%,"11:29 ET"
ETM,"Entercom Communications Corp",7.45,0,0.00%,366,33.3%,66.7%,"11:21 ET"
COL,"Rockwell Collins",139.27,0.68000000000001,+0.49%,366,39.1%,60.9%,"11:35 ET"
AVD,"American Vanguard Corp",19.95,-0.1,-0.50%,365,100.0%,0.0%,"11:21 ET"
ADXS,"Advaxis Inc",0.87,-0.09,-9.38%,365,98.6%,1.4%,"11:28 ET"
AJRD,"Aerojet Rocketdyne Holdings",34.74,-0.009999999999998,-0.03%,365,65.8%,34.2%,"11:33 ET"
AIMT,"Aimmune Therap",27.57,0.33,+1.21%,365,83.0%,17.0%,"11:23 ET"
ITRI,"Itron Inc",66,0.2,+0.30%,364,78.3%,21.7%,"11:36 ET"
APD,"Air Products and Chemicals",166.98,0.91999999999999,+0.55%,363,28.9%,71.1%,"11:35 ET"
MNKD,"Mannkind Corp",1.82,-0.15,-7.61%,361,66.2%,33.8%,"11:32 ET"
DO,"Diamond Offshore Drilling",16.63,0.31,+1.90%,361,55.1%,44.9%,"11:36 ET"
ELF,"E.L.F. Beauty Inc",13.47,0.11,+0.82%,361,25.8%,74.2%,"11:35 ET"
AZUL,"Azul S.A. ADR",15.96,-0.88,-5.23%,360,93.1%,6.9%,"11:34 ET"
VNDA,"Vanda Pharmaceutical",17.9,-0.35,-1.92%,359,98.1%,1.9%,"11:27 ET"
AAC,"Aac Holdings Inc",7.23,0.11,+1.54%,359,21.4%,78.6%,"11:32 ET"
IVC,"Invacare Corp",16.2,0.050000000000001,+0.31%,358,0.3%,99.7%,"11:35 ET"
SNSS,"Sunesis Pharmaceutic",2.02,-0.02,-0.98%,357,56.3%,43.7%,"11:17 ET"
SNDX,"Syndax Pharma",7.29,0.4,+5.81%,357,34.7%,65.3%,"11:27 ET"
VRNT,"Verint Systems Inc",48.25,-0.55,-1.13%,355,68.7%,31.3%,"11:27 ET"
MTRX,"Matrix Service Co",20.15,-1.15,-5.40%,353,30.3%,69.7%,"11:31 ET"
NMM,"Navios Maritime Partners LP",1.89,-0.03,-1.56%,351,71.5%,28.5%,"11:34 ET"
TIVO,"Tivo Corp",13.52,-0.18,-1.31%,349,74.2%,25.8%,"11:20 ET"
BITA,"Bitauto Holdings Ltd",20.29,-0.89,-4.20%,349,76.8%,23.2%,"11:32 ET"
TWOU,"2U Inc",86.39,1.27,+1.49%,349,65.0%,35.0%,"11:25 ET"
VAC,"Marriot Vacations Worldwide Cor",110.5,-2.39,-2.12%,348,29.0%,71.0%,"11:36 ET"
PETS,"Petmed Express Inc",35.37,0.39,+1.11%,348,31.0%,69.0%,"11:32 ET"
IMPV,"Imperva Inc",45.95,0.050000000000004,+0.11%,347,88.5%,11.5%,"11:31 ET"
NCR,"NCR Corp",27.98,-0.26,-0.92%,346,77.7%,22.3%,"11:30 ET"
TTGT,"Techtarget Inc",22.07,-0.079999999999998,-0.36%,346,32.1%,67.9%,"11:34 ET"
TCP,"TCP Pipelines",35.48,0.72,+2.07%,344,99.7%,0.3%,"11:35 ET"
LLL,"L-3 Communications Holdings",209.21,-0.48999999999998,-0.23%,342,85.1%,14.9%,"11:34 ET"
RL,"Ralph Lauren Corp",132.22,-0.90000000000001,-0.68%,341,76.2%,23.8%,"11:36 ET"
AMG,"Affiliated Managers Group",143.14,0.079999999999984,+0.06%,341,13.5%,86.5%,"11:35 ET"
PEGI,"Pattern Energy Cl A",19.91,0.27,+1.37%,341,52.5%,47.5%,"11:36 ET"
CLB,"Core Laboratories N.V.",107.81,1.01,+0.95%,339,44.8%,55.2%,"11:36 ET"
CHKP,"Check Point Software",117.13,-0.28,-0.24%,338,38.5%,61.5%,"11:32 ET"
KEYS,"Keysight Technologies Inc Comm",66.31,0.22,+0.33%,338,89.3%,10.7%,"11:34 ET"
MGA,"Magna International",51.71,-0.98,-1.86%,337,70.3%,29.7%,"11:36 ET"
IDXX,"Idexx Laboratories",242.6,-3.51,-1.43%,336,71.7%,28.3%,"11:30 ET"
CAKE,"Cheesecake Fact",54.11,-0.39,-0.72%,336,47.0%,53.0%,"11:36 ET"
ACTG,"Acacia Res-Acacia",3.5,0,0.00%,334,100.0%,0.0%,"11:17 ET"
CAI,"Cai International",26.98,-0.28,-1.03%,334,82.9%,17.1%,"11:19 ET"
STAA,"Staar Surgical Co",50.85,1.15,+2.31%,332,93.1%,6.9%,"11:36 ET"
AKCA,"Akcea Therapeutics Inc",25.05,0.13,+0.52%,331,11.8%,88.2%,"11:31 ET"
ULTI,"Ultimate Software",321.05,2.57,+0.81%,330,77.3%,22.7%,"11:32 ET"
AEE,"Ameren Corp",65.64,-0.26000000000001,-0.39%,330,85.8%,14.2%,"11:36 ET"
CDNS,"Cadence Design Sys",46.31,-0.18,-0.39%,323,84.5%,15.5%,"11:36 ET"
SIVB,"Svb Financial Grp",324.63,0.5,+0.15%,322,62.7%,37.3%,"11:34 ET"
BCPC,"Balchem Cp",110.44,-0.51000000000001,-0.46%,322,3.4%,96.6%,"11:35 ET"
TEX,"Terex Corp",37.49,-0.23999999999999,-0.64%,321,77.3%,22.7%,"11:35 ET"
SEE,"Sealed Air Corp",40.53,-0.049999999999997,-0.12%,321,55.1%,44.9%,"11:36 ET"
KODK,"Eastman Kodak",2.92,-0.08,-2.67%,321,56.7%,43.3%,"11:36 ET"
CHRS,"Coherus Bio",18.45,0.55,+3.07%,321,68.8%,31.2%,"11:32 ET"
WES,"Western Gas Partners LP",50.98,0.54,+1.07%,320,0.6%,99.4%,"11:36 ET"
VCEL,"Vericel Corproation",12.65,-0.1,-0.78%,320,40.9%,59.1%,"11:35 ET"
TKR,"Timken Company",47.9,0,0.00%,319,43.9%,56.1%,"11:21 ET"
VOYA,"VOYA Financial Inc",48.07,-0.14,-0.29%,316,74.4%,25.6%,"11:36 ET"
EGN,"Energen Corp",73.44,2.26,+3.18%,316,48.4%,51.6%,"11:36 ET"
BLMN,"Bloomin' Brands Inc",19.06,-0.080000000000002,-0.42%,315,86.0%,14.0%,"11:36 ET"
FLXN,"Flexion Therapeutics",22.03,0.32,+1.47%,315,47.3%,52.7%,"11:32 ET"
MAC,"Macerich Company",57.2,1.25,+2.23%,313,44.1%,55.9%,"11:35 ET"
BMO,"Bank of Montreal",81.46,0.039999999999992,+0.05%,313,42.8%,57.2%,"11:36 ET"
UIHC,"United Insurance Hld",20.48,0.039999999999999,+0.20%,313,0.6%,99.4%,"11:24 ET"
RUN,"Sunrun Inc",12.67,0.72,+6.03%,313,93.0%,7.0%,"11:36 ET"
ZG,"Zillow Grp Inc Cl A",46.56,0.82,+1.79%,312,69.9%,30.1%,"11:36 ET"
IDCC,"Interdigital Inc",81.6,0.099999999999994,+0.12%,310,57.7%,42.3%,"11:36 ET"
EHTH,"Ehealth Inc",27.43,0.2,+0.73%,307,99.3%,0.7%,"11:19 ET"
CRAY,"Cray Inc",21.17,-0.029999999999998,-0.14%,307,49.5%,50.5%,"11:21 ET"
GV,"Goldfield Corp",4.75,-0.1,-2.06%,306,93.5%,6.5%,"11:17 ET"
XIN,"Xinyuan Real Estate Co Ltd",4.57,0.09,+2.01%,305,77.0%,23.0%,"11:19 ET"
TMK,"Torchmark Corp",84.62,0.16000000000001,+0.19%,305,26.2%,73.8%,"11:34 ET"
CAMT,"Camtek Ltd",8.78,0.11,+1.27%,305,91.5%,8.5%,"11:19 ET"
TX,"Ternium S.A.",25.74,-0.38,-1.45%,303,61.4%,38.6%,"11:31 ET"
